CIF,Account Name,Region,Age,Sex,CLV_Predicted,Lookalike_Score,Segment_Label
CIF01006866,Customer_6867,Dire Dawa,45,M,255672.88,0.9842018369502398,Champions
CIF01003627,Customer_3628,Afar,40,F,342124.47,0.9817206147653775,Champions
CIF01005580,Customer_5581,Addis Ababa,32,F,169892.97,0.9789923655168888,Champions
CIF01004935,Customer_4936,Amhara,30,M,447701.66,0.9789162697393008,Champions
CIF01002796,Customer_2797,Oromia,37,M,235009.38,0.9787359622845184,Champions
CIF01009249,Customer_9250,Benishangul-Gumuz,43,M,174729.33,0.9774342425204632,Champions
CIF01008579,Customer_8580,Afar,33,M,285521.6,0.9765496658468419,High-CLV Active
CIF01007114,Customer_7115,Addis Ababa,29,F,155023.39,0.9759469468321833,Champions
CIF01008011,Customer_8012,SNNPR,42,F,224262.17,0.9758469980531408,Champions
CIF01002504,Customer_2505,Tigray,46,F,231018.83,0.9744981943326267,Champions
CIF01005278,Customer_5279,SNNPR,45,M,196483.28,0.973715048368527,High-CLV Active
CIF01003242,Customer_3243,Addis Ababa,21,F,199891.83,0.9724815498707403,Mid-Value Growth
CIF01008885,Customer_8886,Addis Ababa,34,F,833275.5,0.9721070300157788,Champions
CIF01004243,Customer_4244,Amhara,45,M,290227.22,0.9709899493332446,Champions
CIF01001009,Customer_1010,Oromia,32,F,190529.58,0.9709483423440902,Champions
CIF01002942,Customer_2943,Dire Dawa,50,F,160140.92,0.9708402065787798,Champions
CIF01000410,Customer_411,Addis Ababa,33,M,207892.95,0.9707822762276731,High-CLV Active
CIF01008595,Customer_8596,Addis Ababa,33,M,147887.1,0.9707178133117145,High-CLV Active
CIF01007751,Customer_7752,Addis Ababa,40,M,283009.53,0.9700787863218413,High-CLV Active
CIF01002324,Customer_2325,Amhara,27,F,160657.61,0.9699359908019992,Champions
CIF01001916,Customer_1917,Addis Ababa,41,M,166163.6,0.9697886041625441,Champions
CIF01009112,Customer_9113,Dire Dawa,29,M,164667.17,0.969379995952593,Champions
CIF01008589,Customer_8590,Amhara,26,M,162624.19,0.9690342749734652,Champions
CIF01009470,Customer_9471,Oromia,29,M,178372.3,0.9689714755411757,High-CLV Active
CIF01007692,Customer_7693,Amhara,45,F,322047.88,0.9688146715320649,Champions
CIF01002388,Customer_2389,SNNPR,42,M,344694.22,0.968640683540721,Champions
CIF01008304,Customer_8305,Amhara,21,F,722489.25,0.9684599667830999,Champions
CIF01005182,Customer_5183,Addis Ababa,40,M,810281.6,0.968365184337182,Cross-Sell Ready
CIF01009582,Customer_9583,Oromia,34,M,171481.55,0.9679464571375568,High-CLV Active
CIF01000776,Customer_777,Oromia,41,F,192664.8,0.9679007030579353,Mid-Value Growth
CIF01006553,Customer_6554,Amhara,29,M,185862.12,0.9678799251916627,High-CLV Active
CIF01008814,Customer_8815,Oromia,39,M,132115.56,0.967685095958109,Champions
CIF01002487,Customer_2488,Dire Dawa,33,M,285618.22,0.9673005883150421,High-CLV Active
CIF01001903,Customer_1904,Addis Ababa,31,M,201302.16,0.9672898893912907,High-CLV Active
CIF01008447,Customer_8448,Sidama,54,M,307337.97,0.9672398800292092,Champions
CIF01000798,Customer_799,Oromia,41,F,1092070.1,0.9666284433121651,Champions
CIF01007113,Customer_7114,Addis Ababa,47,M,175609.38,0.9661732207777133,High-CLV Active
CIF01002907,Customer_2908,Sidama,47,F,150353.62,0.9660883217725664,Champions
CIF01009361,Customer_9362,Amhara,29,M,160661.11,0.9660665031814512,High-CLV Active
CIF01007809,Customer_7810,Oromia,44,M,489997.78,0.9658589090581243,Cross-Sell Ready
CIF01009697,Customer_9698,Addis Ababa,29,F,207397.47,0.9654511930206247,Champions
CIF01008445,Customer_8446,SNNPR,44,M,176471.61,0.9654198743382227,Champions
CIF01005174,Customer_5175,Amhara,52,M,658938.4,0.9653131775378345,High-CLV Active
CIF01004767,Customer_4768,Oromia,39,F,253456.58,0.965311220477481,Mid-Value Growth
CIF01005028,Customer_5029,Addis Ababa,29,F,157494.19,0.9651559386290138,Champions
CIF01006070,Customer_6071,Oromia,31,F,219063.89,0.9651542585725327,Champions
CIF01007825,Customer_7826,Oromia,22,F,258158.5,0.9651210751592648,Champions
CIF01004840,Customer_4841,Tigray,45,F,226513.1,0.9650853229467009,Champions
CIF01001857,Customer_1858,Oromia,37,M,208992.4,0.9648711320721458,Champions
CIF01009201,Customer_9202,Afar,47,F,142119.89,0.9647571224534329,Champions
CIF01008979,Customer_8980,Oromia,33,F,328973.53,0.9646787418820226,Mid-Value Growth
CIF01000823,Customer_824,Oromia,50,M,357518.44,0.9644638921205552,Champions
CIF01003745,Customer_3746,Addis Ababa,41,M,146374.61,0.9644341536909287,Cross-Sell Ready
CIF01003496,Customer_3497,SNNPR,27,M,163557.84,0.964174911672158,Cross-Sell Ready
CIF01008178,Customer_8179,Amhara,42,M,162538.2,0.9640377128182448,High-CLV Active
CIF01006361,Customer_6362,Addis Ababa,32,M,159969.22,0.9638563410160291,Champions
CIF01007084,Customer_7085,Addis Ababa,30,F,186644.47,0.9638181876010771,Champions
CIF01009081,Customer_9082,Benishangul-Gumuz,39,M,344825.78,0.9637439726718128,High-CLV Active
CIF01004071,Customer_4072,Amhara,32,M,205057.58,0.9637396344729202,High-CLV Active
CIF01004566,Customer_4567,Addis Ababa,49,M,221254.78,0.9637199228861137,High-CLV Active
CIF01005945,Customer_5946,Oromia,33,F,522912.97,0.963717866430323,Mid-Value Growth
CIF01003844,Customer_3845,Addis Ababa,49,F,582042.6,0.9630495275764768,Champions
CIF01003875,Customer_3876,Amhara,18,M,411081.25,0.9628562714466877,High-CLV Active
CIF01008029,Customer_8030,Addis Ababa,41,M,406480.4,0.962683235789013,Champions
CIF01009364,Customer_9365,Oromia,39,M,112963.84,0.9624745990722352,Cross-Sell Ready
CIF01005760,Customer_5761,Amhara,33,M,158287.1,0.9623349114015743,High-CLV Active
CIF01008615,Customer_8616,SNNPR,43,M,164575.86,0.9622904875323208,High-CLV Active
CIF01005430,Customer_5431,Sidama,18,M,179278.78,0.9618815819321253,High-CLV Active
CIF01004923,Customer_4924,Amhara,51,M,176545.66,0.9618563199265234,High-CLV Active
CIF01000841,Customer_842,Amhara,36,M,173704.72,0.9618126276364467,High-CLV Active
CIF01003148,Customer_3149,Oromia,38,F,291861.16,0.9617395201280946,Mid-Value Growth
CIF01000280,Customer_281,Addis Ababa,50,F,703465.75,0.9617387934194772,Champions
CIF01003830,Customer_3831,Oromia,34,M,349825.4,0.96157743085705,Champions
CIF01002488,Customer_2489,Addis Ababa,42,M,162066.95,0.961546654015568,High-CLV Active
CIF01003793,Customer_3794,Harari,43,F,310128.5,0.9613168194686046,Champions
CIF01003821,Customer_3822,Amhara,39,M,659902.7,0.9612178532637462,High-CLV Active
CIF01001765,Customer_1766,Amhara,42,F,264481.47,0.9611609054196822,Champions
CIF01008905,Customer_8906,Addis Ababa,30,F,197612.44,0.960926682981077,Champions
CIF01009368,Customer_9369,Benishangul-Gumuz,29,F,240269.03,0.9607688523475931,Champions
CIF01003976,Customer_3977,Amhara,50,M,184573.55,0.9606922382027572,High-CLV Active
CIF01006654,Customer_6655,SNNPR,45,M,200669.06,0.9606494330365649,High-CLV Active
CIF01005256,Customer_5257,Addis Ababa,51,F,166307.62,0.9606294422811072,Mid-Value Growth
CIF01007828,Customer_7829,Amhara,18,F,334984.62,0.9604596701543936,Champions
CIF01000091,Customer_92,Addis Ababa,39,F,185669.34,0.9603109364032351,Mid-Value Growth
CIF01005443,Customer_5444,Sidama,42,F,179690.61,0.9603097905875835,Champions
CIF01006815,Customer_6816,Addis Ababa,24,F,161064.69,0.9602449392937622,Mid-Value Growth
CIF01005162,Customer_5163,Oromia,37,M,153359.2,0.960221543233107,Champions
CIF01009392,Customer_9393,Addis Ababa,51,M,362403.6,0.9601416464037933,High-CLV Active
CIF01006044,Customer_6045,SNNPR,48,F,1396725.0,0.9597780701558412,Champions
CIF01008634,Customer_8635,SNNPR,28,F,130586.42,0.9597109579454167,Champions
CIF01004402,Customer_4403,SNNPR,49,F,189299.11,0.9593748256381054,Mid-Value Growth
CIF01002601,Customer_2602,Oromia,37,F,457940.44,0.9592394932830193,Mid-Value Growth
CIF01005419,Customer_5420,Amhara,18,F,154634.97,0.9592105439019383,Champions
CIF01008869,Customer_8870,Addis Ababa,57,F,129461.79,0.9591716608439348,Champions
CIF01002880,Customer_2881,Oromia,28,M,207134.47,0.9591013246933575,High-CLV Active
CIF01006721,Customer_6722,Oromia,47,F,232769.22,0.959030891448143,Champions
CIF01005855,Customer_5856,Addis Ababa,38,M,137895.08,0.9590067873007191,Champions
CIF01001341,Customer_1342,Addis Ababa,39,F,116272.71,0.9589536816199145,Champions
CIF01005842,Customer_5843,Amhara,18,M,597943.9,0.9589517128294252,High-CLV Active
CIF01007777,Customer_7778,Addis Ababa,23,M,121760.0,0.9588627143262183,Cross-Sell Ready
CIF01007012,Customer_7013,Addis Ababa,28,F,444037.66,0.9588392135325844,Champions
CIF01008900,Customer_8901,SNNPR,28,M,174544.97,0.9584632739895426,High-CLV Active
CIF01008931,Customer_8932,Sidama,32,F,190043.14,0.9583894472776688,Mid-Value Growth
CIF01007377,Customer_7378,Oromia,43,F,169939.3,0.9583582136129584,Champions
CIF01002712,Customer_2713,Addis Ababa,26,M,158912.02,0.9582652782929393,Champions
CIF01002456,Customer_2457,Addis Ababa,35,F,556289.1,0.9582388442318229,Champions
CIF01000252,Customer_253,Addis Ababa,36,M,155646.92,0.9582054790667126,High-CLV Active
CIF01006572,Customer_6573,Oromia,43,M,174231.83,0.9581947257417008,High-CLV Active
CIF01008425,Customer_8426,Addis Ababa,34,M,137927.34,0.958046607478203,Cross-Sell Ready
CIF01009796,Customer_9797,Addis Ababa,34,M,1062289.2,0.958021497302268,High-CLV Active
CIF01009992,Customer_9993,Addis Ababa,37,M,177790.64,0.9578340355756364,Cross-Sell Ready
CIF01008974,Customer_8975,Addis Ababa,32,M,1342857.9,0.9576641028209233,High-CLV Active
CIF01005901,Customer_5902,Harari,36,M,159736.16,0.9576422671252505,High-CLV Active
CIF01007284,Customer_7285,Addis Ababa,57,F,1435667.9,0.9575456922768124,High-CLV Active
CIF01001064,Customer_1065,Oromia,42,M,278272.12,0.9573918082989032,High-CLV Active
CIF01004273,Customer_4274,Oromia,38,F,161761.42,0.9573416486581179,Mid-Value Growth
CIF01008833,Customer_8834,Addis Ababa,34,F,200900.2,0.9572017650735959,Champions
CIF01002602,Customer_2603,Addis Ababa,32,M,202061.44,0.9571007706939835,High-CLV Active
CIF01002674,Customer_2675,Addis Ababa,51,M,151011.28,0.9569508903756859,Champions
CIF01003211,Customer_3212,Oromia,53,F,128344.1,0.9568155964965924,Champions
CIF01002898,Customer_2899,Oromia,31,F,249052.17,0.9566268665212438,Dormant Risk
CIF01003590,Customer_3591,Harari,39,F,163634.78,0.956609573934374,Mid-Value Growth
CIF01000873,Customer_874,Addis Ababa,26,M,197639.67,0.9565104200829944,High-CLV Active
CIF01002972,Customer_2973,Addis Ababa,40,F,142272.58,0.9564091075837867,Champions
CIF01007421,Customer_7422,Addis Ababa,31,M,137397.97,0.9563271067772365,Champions
CIF01005102,Customer_5103,Benishangul-Gumuz,33,F,310369.53,0.956281009831269,Champions
CIF01007242,Customer_7243,Amhara,21,M,136961.66,0.9562455388220593,High-CLV Active
CIF01001728,Customer_1729,Addis Ababa,41,F,162877.11,0.9561093217571381,Mid-Value Growth
CIF01004604,Customer_4605,Amhara,39,M,169132.95,0.9559814965407999,Champions
CIF01004968,Customer_4969,Oromia,38,M,134235.61,0.9558938747048815,High-CLV Active
CIF01007725,Customer_7726,SNNPR,40,M,422079.97,0.9556289490172162,Champions
CIF01006293,Customer_6294,Oromia,31,F,139194.16,0.9555124171944442,Champions
CIF01001932,Customer_1933,Oromia,31,F,127623.64,0.955478167509431,Champions
CIF01002622,Customer_2623,Addis Ababa,39,M,118820.36,0.9553149575050338,Cross-Sell Ready
CIF01005121,Customer_5122,Oromia,34,M,172248.81,0.9552296433393885,High-CLV Active
CIF01005153,Customer_5154,Amhara,35,M,938945.94,0.954899953589089,Champions
CIF01001072,Customer_1073,Addis Ababa,49,M,327571.94,0.9548154980326399,High-CLV Active
CIF01002945,Customer_2946,Oromia,41,M,363359.56,0.9547939575803319,Cross-Sell Ready
CIF01000491,Customer_492,Addis Ababa,42,F,204942.73,0.9547005998788618,Mid-Value Growth
CIF01003548,Customer_3549,Amhara,43,F,190951.5,0.9546839153190884,Champions
CIF01000533,Customer_534,Sidama,44,M,377818.9,0.9545721605069368,High-CLV Active
CIF01002998,Customer_2999,Addis Ababa,41,M,343749.9,0.9544886415715933,High-CLV Active
CIF01003641,Customer_3642,Oromia,19,F,228820.08,0.9542522705208241,Champions
CIF01007083,Customer_7084,Amhara,56,F,208422.19,0.9541492700570927,Champions
CIF01009589,Customer_9590,SNNPR,53,M,340835.72,0.9540495315382232,High-CLV Active
CIF01007847,Customer_7848,Addis Ababa,28,F,155564.4,0.9538461282891736,Mid-Value Growth
CIF01009912,Customer_9913,Amhara,42,F,139944.14,0.9538371298474809,Champions
CIF01002062,Customer_2063,Addis Ababa,48,M,198999.98,0.9537642919627611,High-CLV Active
CIF01003342,Customer_3343,Oromia,18,F,245325.75,0.9537555893335952,Champions
CIF01002425,Customer_2426,Amhara,21,M,301253.0,0.9537465651640858,Champions
CIF01002846,Customer_2847,Addis Ababa,34,M,141746.52,0.9535105697120249,High-CLV Active
CIF01008982,Customer_8983,Afar,37,F,260389.55,0.953435088939652,Mid-Value Growth
CIF01007835,Customer_7836,Oromia,41,M,387353.06,0.9533175010440942,Champions
CIF01001651,Customer_1652,Amhara,30,F,181750.14,0.9533115112930809,Champions
CIF01009416,Customer_9417,Addis Ababa,18,F,774378.25,0.9532918501542644,Champions
CIF01004978,Customer_4979,Addis Ababa,31,M,161453.1,0.9532258219540537,Cross-Sell Ready
CIF01003822,Customer_3823,Oromia,40,F,217209.16,0.9532024925952345,Champions
CIF01000766,Customer_767,Harari,25,M,269166.1,0.9531719570963516,Cross-Sell Ready
CIF01004710,Customer_4711,Benishangul-Gumuz,46,F,128268.32,0.9530388961465924,Champions
CIF01003696,Customer_3697,Addis Ababa,35,M,145797.03,0.9530295359834162,High-CLV Active
CIF01000375,Customer_376,Amhara,53,F,268536.53,0.953010224186768,Mid-Value Growth
CIF01001176,Customer_1177,Gambela,24,F,239111.19,0.9528553297966981,Mid-Value Growth
CIF01001549,Customer_1550,Dire Dawa,24,M,167185.98,0.9527587176340586,High-CLV Active
CIF01006549,Customer_6550,Oromia,61,F,201377.98,0.9527036247856444,Mid-Value Growth
CIF01000115,Customer_116,Addis Ababa,24,F,234332.12,0.9524428934206998,Champions
CIF01001721,Customer_1722,Addis Ababa,34,M,135141.83,0.952292478765253,High-CLV Active
CIF01009623,Customer_9624,Amhara,25,F,294393.94,0.9522464415708538,Mid-Value Growth
CIF01006644,Customer_6645,Oromia,44,F,144566.36,0.9521555057053622,Mid-Value Growth
CIF01008446,Customer_8447,Oromia,45,F,433813.2,0.9519065026755618,Mid-Value Growth
CIF01001259,Customer_1260,Addis Ababa,35,M,196063.48,0.9516675571517247,Cross-Sell Ready
CIF01007783,Customer_7784,Oromia,29,M,213779.4,0.9516045126770968,Champions
CIF01002495,Customer_2496,Addis Ababa,29,F,267745.9,0.9515853085235303,Dormant Risk
CIF01008020,Customer_8021,Addis Ababa,27,F,394252.97,0.9515538601392767,Mid-Value Growth
CIF01009353,Customer_9354,Harari,29,M,362499.44,0.9513318339784772,Champions
CIF01007714,Customer_7715,Addis Ababa,35,M,225271.42,0.9513262442912647,High-CLV Active
CIF01001554,Customer_1555,Amhara,18,M,129986.086,0.9512382746977541,High-CLV Active
CIF01001946,Customer_1947,Oromia,23,F,266417.34,0.9511914982710575,Champions
CIF01001775,Customer_1776,Dire Dawa,34,M,433009.7,0.9511854304638573,Champions
CIF01003695,Customer_3696,Addis Ababa,24,M,241412.42,0.9511438679694767,High-CLV Active
CIF01000729,Customer_730,Oromia,30,M,142383.98,0.9511320830946738,Champions
CIF01009795,Customer_9796,SNNPR,41,F,140917.95,0.9510872916804171,Dormant Risk
CIF01004031,Customer_4032,Sidama,49,F,162470.03,0.9509206013662399,Mid-Value Growth
CIF01005710,Customer_5711,SNNPR,52,F,167901.62,0.9507089482050132,Mid-Value Growth
CIF01001317,Customer_1318,Sidama,42,F,338697.22,0.95063226979516,Champions
CIF01001204,Customer_1205,Addis Ababa,56,M,157992.23,0.9506050822479603,Champions
CIF01007178,Customer_7179,Amhara,39,M,287846.66,0.9505799577898819,High-CLV Active
CIF01005061,Customer_5062,Addis Ababa,32,M,451093.4,0.9505661201672382,High-CLV Active
CIF01002203,Customer_2204,Oromia,25,F,153316.56,0.9505451979937725,Champions
CIF01008751,Customer_8752,Amhara,50,F,162597.17,0.9504206047953084,Champions
CIF01009314,Customer_9315,Benishangul-Gumuz,33,F,193228.33,0.9503387503978856,Mid-Value Growth
CIF01006611,Customer_6612,Amhara,28,F,200023.42,0.950226656900145,Champions
CIF01003724,Customer_3725,SNNPR,37,M,134260.83,0.9501584266255818,Cross-Sell Ready
CIF01000501,Customer_502,SNNPR,21,M,169018.03,0.950021783173654,High-CLV Active
CIF01007644,Customer_7645,Dire Dawa,38,M,141255.47,0.9497468508226163,High-CLV Active
CIF01003020,Customer_3021,Sidama,52,M,3759159.0,0.9496461752544667,Cross-Sell Ready
CIF01004929,Customer_4930,Amhara,42,M,185627.83,0.9495436744900629,Cross-Sell Ready
CIF01004053,Customer_4054,Addis Ababa,56,F,198248.77,0.949536720819729,Mid-Value Growth
CIF01003053,Customer_3054,Addis Ababa,27,F,199316.2,0.9495166623268303,Dormant Risk
CIF01002367,Customer_2368,Somali,39,F,140350.14,0.9495056960909981,Dormant Risk
CIF01000632,Customer_633,Oromia,33,M,817011.25,0.9492846356922583,Champions
CIF01009545,Customer_9546,Addis Ababa,22,F,126372.9,0.9492780973105075,Mid-Value Growth
CIF01003928,Customer_3929,Dire Dawa,18,M,140592.33,0.9491725981735215,Champions
CIF01004711,Customer_4712,Sidama,30,M,139114.14,0.948915965714329,High-CLV Active
CIF01000379,Customer_380,Oromia,52,F,130895.55,0.9485131351717274,Champions
CIF01002451,Customer_2452,Oromia,49,M,177512.55,0.9483371812763014,High-CLV Active
CIF01000345,Customer_346,Addis Ababa,31,M,212825.08,0.9483214025311135,High-CLV Active
CIF01009794,Customer_9795,Addis Ababa,27,M,259235.83,0.9482215216438978,High-CLV Active
CIF01006577,Customer_6578,SNNPR,52,M,165277.2,0.9481328859431724,Cross-Sell Ready
CIF01006647,Customer_6648,Addis Ababa,25,M,233347.11,0.9480518009408312,Champions
CIF01007412,Customer_7413,Addis Ababa,37,F,363188.22,0.947990411873948,Mid-Value Growth
CIF01000534,Customer_535,Benishangul-Gumuz,34,F,189141.05,0.9479844006769137,Champions
CIF01002161,Customer_2162,Somali,45,M,193833.39,0.9479433732521966,Champions
CIF01007944,Customer_7945,Oromia,40,M,183923.3,0.947837071533773,High-CLV Active
CIF01006688,Customer_6689,Oromia,35,F,187637.34,0.9476099143751205,Champions
CIF01000373,Customer_374,Addis Ababa,54,F,175928.86,0.9475234275576402,Champions
CIF01009310,Customer_9311,Dire Dawa,43,M,123228.125,0.947488073049912,Champions
CIF01004499,Customer_4500,Sidama,31,M,325074.47,0.9474572758734425,Champions
CIF01003906,Customer_3907,Harari,31,M,129429.38,0.9472183223475025,Cross-Sell Ready
CIF01009966,Customer_9967,Addis Ababa,53,F,168098.88,0.9471191529008759,Dormant Risk
CIF01005376,Customer_5377,Dire Dawa,43,F,133239.22,0.9466827582803692,Champions
CIF01007732,Customer_7733,Addis Ababa,31,M,137367.11,0.9466814873344468,Champions
CIF01005011,Customer_5012,SNNPR,37,M,173747.88,0.9465236280764159,High-CLV Active
CIF01006202,Customer_6203,Addis Ababa,62,F,240780.05,0.9465149911213291,Champions
CIF01006098,Customer_6099,Sidama,33,M,189790.42,0.9464781553733318,Cross-Sell Ready
CIF01008816,Customer_8817,Oromia,27,M,160605.55,0.9463531288880256,High-CLV Active
CIF01001581,Customer_1582,Addis Ababa,19,F,139300.97,0.9463050459995321,Mid-Value Growth
CIF01005493,Customer_5494,Oromia,42,M,122859.5,0.9463040232004644,Champions
CIF01007655,Customer_7656,Oromia,36,M,593565.44,0.9461497208187108,Champions
CIF01007116,Customer_7117,Addis Ababa,51,M,205428.7,0.9460655078285731,High-CLV Active
CIF01000295,Customer_296,Tigray,26,F,223863.8,0.94603888488637,Mid-Value Growth
CIF01001028,Customer_1029,Benishangul-Gumuz,57,F,161000.42,0.9460085696219375,Champions
CIF01002640,Customer_2641,Addis Ababa,23,M,252238.53,0.9459537306734526,Cross-Sell Ready
CIF01002776,Customer_2777,Tigray,51,M,165626.19,0.9458989124848693,High-CLV Active
CIF01007819,Customer_7820,Tigray,19,F,127461.75,0.94586743005439,Dormant Risk
CIF01003829,Customer_3830,Amhara,18,F,132125.6,0.9456730965489788,Dormant Risk
CIF01006156,Customer_6157,Addis Ababa,18,F,143874.75,0.9454958573065022,Dormant Risk
CIF01007164,Customer_7165,Oromia,45,M,273143.4,0.9453922602064447,High-CLV Active
CIF01002128,Customer_2129,Tigray,42,F,125300.66,0.945177323000224,Dormant Risk
CIF01008925,Customer_8926,Amhara,33,M,176352.95,0.9451594197042192,High-CLV Active
CIF01005334,Customer_5335,SNNPR,30,M,387178.53,0.9451024729715404,High-CLV Active
CIF01002941,Customer_2942,Oromia,38,M,145738.73,0.9446958466838979,Cross-Sell Ready
CIF01007160,Customer_7161,Addis Ababa,18,M,128303.805,0.9446650300559154,High-CLV Active
CIF01005226,Customer_5227,Gambela,59,F,165288.27,0.9446156667346405,Champions
CIF01001613,Customer_1614,Sidama,39,M,128574.984,0.944597686527927,Cross-Sell Ready
CIF01000740,Customer_741,Oromia,36,F,149144.14,0.94458811744792,Dormant Risk
CIF01002869,Customer_2870,Sidama,22,F,229343.23,0.9445124619565289,Mid-Value Growth
CIF01000972,Customer_973,Addis Ababa,50,F,145122.05,0.9443952369542569,Mid-Value Growth
CIF01009301,Customer_9302,Oromia,33,F,229764.06,0.9443793479394594,Champions
CIF01005267,Customer_5268,Addis Ababa,40,M,116948.41,0.9443720002693161,High-CLV Active
CIF01007713,Customer_7714,Addis Ababa,29,M,858000.3,0.9443529063345979,High-CLV Active
CIF01000548,Customer_549,Addis Ababa,54,F,234246.8,0.9443506364565917,Mid-Value Growth
CIF01003647,Customer_3648,Addis Ababa,25,M,196264.34,0.9441478084671718,High-CLV Active
CIF01007182,Customer_7183,Amhara,23,F,475486.62,0.9441082806049955,Mid-Value Growth
CIF01009062,Customer_9063,Oromia,30,F,209315.17,0.9440922771694907,Champions
CIF01007410,Customer_7411,Addis Ababa,26,F,163947.08,0.9440154263956432,Champions
CIF01004626,Customer_4627,Addis Ababa,41,M,190107.72,0.9439693595689573,Cross-Sell Ready
CIF01004605,Customer_4606,Addis Ababa,57,F,190670.33,0.9439190736213459,Mid-Value Growth
CIF01009347,Customer_9348,Sidama,43,F,184151.9,0.9439130891463776,Dormant Risk
CIF01006415,Customer_6416,Addis Ababa,32,F,137252.0,0.9438662408417334,Mid-Value Growth
CIF01007419,Customer_7420,Addis Ababa,21,M,198812.33,0.943792433735501,Cross-Sell Ready
CIF01009225,Customer_9226,Oromia,41,F,772484.2,0.9436500360542963,Champions
CIF01001548,Customer_1549,Benishangul-Gumuz,30,F,151924.56,0.9436040497900935,Dormant Risk
CIF01001457,Customer_1458,Amhara,30,F,140367.47,0.9433730449316257,Dormant Risk
CIF01005265,Customer_5266,Tigray,37,M,120742.8,0.9432704020462133,Cross-Sell Ready
CIF01006708,Customer_6709,Addis Ababa,32,M,413756.88,0.94326255426698,High-CLV Active
CIF01003629,Customer_3630,Addis Ababa,26,F,147170.52,0.9430589965593458,Mid-Value Growth
CIF01004123,Customer_4124,Addis Ababa,18,M,498913.22,0.9430570385898102,High-CLV Active
CIF01002676,Customer_2677,Oromia,25,M,203728.77,0.9429420663566558,High-CLV Active
CIF01004282,Customer_4283,Addis Ababa,32,M,146332.56,0.9426501978739348,High-CLV Active
CIF01002328,Customer_2329,Addis Ababa,18,M,234580.48,0.9426392898546252,High-CLV Active
CIF01009839,Customer_9840,Addis Ababa,34,M,134698.72,0.9425835990789155,High-CLV Active
CIF01003853,Customer_3854,Addis Ababa,33,F,145785.22,0.9425229752783402,Dormant Risk
CIF01008647,Customer_8648,Addis Ababa,32,F,137782.92,0.9424589562274497,Mid-Value Growth
CIF01004219,Customer_4220,Harari,49,M,225119.03,0.9418077718579133,High-CLV Active
CIF01008758,Customer_8759,Oromia,41,M,458675.34,0.9417381437870127,High-CLV Active
CIF01004638,Customer_4639,Addis Ababa,40,F,135267.42,0.941628386770503,Dormant Risk
CIF01003440,Customer_3441,Addis Ababa,43,F,307408.9,0.9415592574345927,Champions
CIF01006066,Customer_6067,Addis Ababa,36,F,353721.88,0.9415548035551734,Champions
CIF01009671,Customer_9672,SNNPR,39,M,331498.75,0.9415024093056374,High-CLV Active
CIF01005132,Customer_5133,Oromia,33,M,232917.22,0.9414309459825283,Cross-Sell Ready
CIF01001531,Customer_1532,SNNPR,33,F,118605.29,0.9414212688216594,Mid-Value Growth
CIF01006440,Customer_6441,Addis Ababa,20,M,215527.89,0.9413774482947048,Champions
CIF01006433,Customer_6434,Oromia,18,F,381982.5,0.9412539206397263,Champions
CIF01000565,Customer_566,Dire Dawa,18,M,304679.72,0.9411528947158937,High-CLV Active
CIF01003817,Customer_3818,Oromia,32,F,227134.16,0.9410343877683304,Dormant Risk
CIF01001846,Customer_1847,SNNPR,28,M,290620.66,0.940974505008024,High-CLV Active
CIF01007311,Customer_7312,Addis Ababa,34,M,199691.98,0.940933013269875,High-CLV Active
CIF01009273,Customer_9274,Oromia,50,F,137907.56,0.9408525502880551,Champions
CIF01004789,Customer_4790,Somali,36,F,158280.75,0.9408003764946763,Dormant Risk
CIF01002841,Customer_2842,SNNPR,18,M,121457.66,0.9407376250388438,High-CLV Active
CIF01001583,Customer_1584,Addis Ababa,40,M,137469.53,0.9406790589368965,Champions
CIF01008990,Customer_8991,Sidama,31,F,143490.6,0.9406189110238118,Mid-Value Growth
CIF01008735,Customer_8736,Addis Ababa,41,F,163762.8,0.9405604292125065,Champions
CIF01008897,Customer_8898,Addis Ababa,31,M,218025.3,0.9405159439617654,High-CLV Active
CIF01004465,Customer_4466,SNNPR,46,M,126674.29,0.9404898237346111,Cross-Sell Ready
CIF01002592,Customer_2593,Amhara,18,F,216891.44,0.9404541709301,Champions
CIF01001402,Customer_1403,Addis Ababa,41,M,384164.4,0.9402875579199074,Champions
CIF01002533,Customer_2534,Oromia,18,M,256779.94,0.9402102589273549,Cross-Sell Ready
CIF01003953,Customer_3954,Addis Ababa,34,F,326814.8,0.9401891039532948,Dormant Risk
CIF01005802,Customer_5803,Addis Ababa,18,F,146574.78,0.9401507837501676,Dormant Risk
CIF01003398,Customer_3399,Amhara,33,F,122783.336,0.9401291230164284,Dormant Risk
CIF01004455,Customer_4456,SNNPR,28,M,161565.08,0.9400717446610258,Champions
CIF01000474,Customer_475,Dire Dawa,18,F,388025.9,0.9399250755418297,Champions
CIF01001108,Customer_1109,Oromia,41,M,147454.58,0.9399211399492825,High-CLV Active
CIF01001524,Customer_1525,Sidama,21,M,161503.75,0.9399032002102672,High-CLV Active
CIF01005568,Customer_5569,Oromia,31,M,172684.81,0.9397988914666314,High-CLV Active
CIF01008407,Customer_8408,Addis Ababa,18,F,338135.53,0.9397651058094135,Mid-Value Growth
CIF01008661,Customer_8662,Oromia,23,F,130587.57,0.9397562071554969,Mid-Value Growth
CIF01007524,Customer_7525,Oromia,33,F,175261.45,0.9397113811094393,Dormant Risk
CIF01008570,Customer_8571,Tigray,31,M,147706.03,0.9395004739378311,High-CLV Active
CIF01005018,Customer_5019,Amhara,48,M,123008.46,0.9393972193939514,High-CLV Active
CIF01001576,Customer_1577,Oromia,29,M,156149.27,0.9393905421091193,Cross-Sell Ready
CIF01004529,Customer_4530,Amhara,49,M,207215.75,0.9392685850717586,Cross-Sell Ready
CIF01002758,Customer_2759,SNNPR,30,M,167401.56,0.9392405415797377,Cross-Sell Ready
CIF01001986,Customer_1987,Addis Ababa,28,F,148112.39,0.939235932180789,Champions
CIF01008478,Customer_8479,Oromia,42,F,197608.16,0.9390782110457048,Mid-Value Growth
CIF01008323,Customer_8324,Amhara,43,F,168819.78,0.9390595169175052,Mid-Value Growth
CIF01004383,Customer_4384,Dire Dawa,31,F,170093.34,0.9389263972822022,Mid-Value Growth
CIF01008097,Customer_8098,Oromia,32,M,163757.42,0.9388443221280769,Cross-Sell Ready
CIF01003963,Customer_3964,Addis Ababa,35,F,265796.16,0.9388373102864817,Dormant Risk
CIF01007498,Customer_7499,Tigray,28,M,123691.375,0.938749507117556,Champions
CIF01007338,Customer_7339,Addis Ababa,18,F,203774.38,0.938738459096751,Champions
CIF01001980,Customer_1981,Addis Ababa,40,F,119556.25,0.9386248358561744,Champions
CIF01001718,Customer_1719,SNNPR,39,F,174122.75,0.9385769980065948,Champions
CIF01004571,Customer_4572,Tigray,21,F,242538.45,0.9385748880629209,Dormant Risk
CIF01004572,Customer_4573,Sidama,24,M,310716.1,0.9385578848089718,High-CLV Active
CIF01006085,Customer_6086,Addis Ababa,21,F,368334.25,0.9381868093787792,Dormant Risk
CIF01006633,Customer_6634,Oromia,39,M,114830.914,0.9381531488632869,Cross-Sell Ready
CIF01001799,Customer_1800,Oromia,28,M,215089.56,0.9381443739371313,High-CLV Active
CIF01002747,Customer_2748,Addis Ababa,39,F,152619.2,0.937894241556995,Mid-Value Growth
CIF01001348,Customer_1349,Addis Ababa,18,M,147755.14,0.9377877327421512,Cross-Sell Ready
CIF01001577,Customer_1578,Amhara,23,F,334410.1,0.9377581446128005,Champions
CIF01007798,Customer_7799,Oromia,28,F,173329.03,0.9376872521542039,Dormant Risk
CIF01008499,Customer_8500,Oromia,54,F,950597.4,0.9376367171757342,Mid-Value Growth
CIF01007763,Customer_7764,Tigray,29,F,131051.26,0.9376178237661501,Mid-Value Growth
CIF01002738,Customer_2739,Oromia,56,M,153710.12,0.9375972316424884,High-CLV Active
CIF01005554,Customer_5555,Benishangul-Gumuz,19,F,136990.17,0.9375025682049003,Mid-Value Growth
CIF01007428,Customer_7429,Harari,32,F,135871.67,0.9374426034343799,Champions
CIF01008726,Customer_8727,Afar,18,M,166755.16,0.9374185555911614,Cross-Sell Ready
CIF01008850,Customer_8851,Addis Ababa,34,M,158114.77,0.937412332873105,High-CLV Active
CIF01006630,Customer_6631,SNNPR,30,F,189620.34,0.937265838149174,Dormant Risk
CIF01004700,Customer_4701,Addis Ababa,41,M,127467.3,0.9371871517621209,Cross-Sell Ready
CIF01002974,Customer_2975,Addis Ababa,18,F,160732.28,0.9371382731195332,Dormant Risk
CIF01004525,Customer_4526,Oromia,27,F,459488.4,0.9370893890586419,Champions
CIF01007380,Customer_7381,Tigray,34,F,146508.22,0.9370856141856948,Dormant Risk
CIF01004715,Customer_4716,Amhara,36,M,1843526.4,0.9370556013199814,High-CLV Active
CIF01005744,Customer_5745,Amhara,31,F,333402.47,0.9369829193950003,Champions
CIF01006775,Customer_6776,SNNPR,38,M,152456.0,0.9369737367952494,High-CLV Active
CIF01008516,Customer_8517,Benishangul-Gumuz,20,M,176069.34,0.9369457012604728,High-CLV Active
CIF01003653,Customer_3654,Afar,20,M,166656.83,0.9366847619223908,Cross-Sell Ready
CIF01004984,Customer_4985,Tigray,45,F,188128.12,0.936677013014913,Champions
CIF01009180,Customer_9181,Amhara,45,M,114647.68,0.9365207102783493,Champions
CIF01003964,Customer_3965,Amhara,43,M,126019.805,0.9364187456376661,Cross-Sell Ready
CIF01001449,Customer_1450,Oromia,49,F,188339.8,0.936415027140438,Mid-Value Growth
CIF01000430,Customer_431,Amhara,55,M,317607.47,0.9363909187029513,Champions
CIF01007570,Customer_7571,Harari,38,F,324395.53,0.936352047577749,Champions
CIF01005385,Customer_5386,SNNPR,39,M,273930.53,0.936238401306606,High-CLV Active
CIF01002354,Customer_2355,Addis Ababa,36,M,306106.22,0.9362037599848054,Champions
CIF01007661,Customer_7662,Addis Ababa,38,M,164208.47,0.936125562295037,High-CLV Active
CIF01002516,Customer_2517,Addis Ababa,26,F,215704.3,0.9360638641215692,Champions
CIF01004992,Customer_4993,Tigray,18,M,204150.69,0.9360605471673368,Champions
CIF01008443,Customer_8444,Addis Ababa,36,F,133735.69,0.9360195399935456,Dormant Risk
CIF01005407,Customer_5408,Addis Ababa,34,F,170497.6,0.9360150493962476,Champions
CIF01004013,Customer_4014,Oromia,26,M,372093.78,0.9359739483157099,Champions
CIF01003866,Customer_3867,Sidama,18,M,167414.11,0.9359413851262639,High-CLV Active
CIF01006737,Customer_6738,Addis Ababa,21,F,154476.42,0.9359188611040828,Mid-Value Growth
CIF01009636,Customer_9637,Amhara,51,F,143709.36,0.9358822283270414,Dormant Risk
CIF01007476,Customer_7477,SNNPR,33,F,318156.8,0.9358323855211,Mid-Value Growth
CIF01008875,Customer_8876,Oromia,36,M,123992.9,0.9357336064789579,High-CLV Active
CIF01000670,Customer_671,Dire Dawa,26,F,217783.03,0.9357181416611513,Champions
CIF01005692,Customer_5693,Addis Ababa,44,M,135818.08,0.935680746959688,High-CLV Active
CIF01003510,Customer_3511,Afar,65,M,473522.25,0.9355712421812817,Champions
CIF01000096,Customer_97,Afar,25,F,320221.84,0.93550832038427,Champions
CIF01001230,Customer_1231,Addis Ababa,48,F,137564.44,0.9354800662695814,Mid-Value Growth
CIF01002514,Customer_2515,Oromia,39,F,183535.08,0.9354524145215508,Dormant Risk
CIF01001818,Customer_1819,Amhara,36,M,132628.52,0.9354358569868159,Cross-Sell Ready
CIF01002814,Customer_2815,Addis Ababa,18,F,195288.0,0.9352835836179234,Dormant Risk
CIF01002478,Customer_2479,Harari,25,M,191806.52,0.9352169526143829,Cross-Sell Ready
CIF01009436,Customer_9437,Addis Ababa,34,M,778986.75,0.935079431350552,High-CLV Active
CIF01002764,Customer_2765,SNNPR,31,F,142781.67,0.9350788468733515,Champions
CIF01006038,Customer_6039,Oromia,18,F,125006.87,0.935070325919358,Champions
CIF01008531,Customer_8532,Oromia,30,M,255291.42,0.9350157054365775,Cross-Sell Ready
CIF01007165,Customer_7166,Addis Ababa,22,M,1589528.5,0.934951610735821,High-CLV Active
CIF01001251,Customer_1252,SNNPR,40,M,197302.94,0.9349258893766671,Cross-Sell Ready
CIF01004345,Customer_4346,Oromia,43,F,121966.76,0.9348767024926512,Dormant Risk
CIF01007247,Customer_7248,Sidama,20,F,149643.55,0.9347794524991302,Dormant Risk
CIF01006665,Customer_6666,Tigray,21,F,397694.78,0.9347671822551316,Champions
CIF01009926,Customer_9927,Tigray,22,M,163562.25,0.9346887337673035,High-CLV Active
CIF01005533,Customer_5534,Addis Ababa,49,F,165814.52,0.9346309024669305,Mid-Value Growth
CIF01007077,Customer_7078,Addis Ababa,31,F,123134.43,0.9345637292026087,Champions
CIF01003842,Customer_3843,Oromia,36,M,320587.2,0.934534138033145,High-CLV Active
CIF01009272,Customer_9273,Addis Ababa,23,F,269585.34,0.9344296805983919,Champions
CIF01004869,Customer_4870,Tigray,36,F,143641.22,0.9343985266291743,Dormant Risk
CIF01004866,Customer_4867,Addis Ababa,37,M,251191.16,0.9340091668804636,Cross-Sell Ready
CIF01004535,Customer_4536,Gambela,26,M,218409.17,0.9338845169453689,Champions
CIF01003503,Customer_3504,Addis Ababa,22,F,241166.4,0.9337945250663571,Champions
CIF01002435,Customer_2436,Gambela,24,M,194980.81,0.9337149843582696,Cross-Sell Ready
CIF01006376,Customer_6377,Addis Ababa,33,F,300377.75,0.9335167474767493,Mid-Value Growth
CIF01007997,Customer_7998,Addis Ababa,49,M,145856.77,0.9333748476266601,Champions
CIF01005299,Customer_5300,Harari,65,F,151834.89,0.9332936851303215,Dormant Risk
CIF01007568,Customer_7569,Addis Ababa,37,F,166481.22,0.9332671628484752,Mid-Value Growth
CIF01003363,Customer_3364,Amhara,26,M,444732.94,0.9332419230872925,High-CLV Active
CIF01001345,Customer_1346,Dire Dawa,40,F,363864.0,0.9332410529066796,Mid-Value Growth
CIF01000258,Customer_259,Amhara,22,M,355071.44,0.9330926586705973,High-CLV Active
CIF01000076,Customer_77,Sidama,35,M,180195.08,0.9329587589054397,Champions
CIF01008923,Customer_8924,SNNPR,32,F,237965.98,0.9328121057650429,Mid-Value Growth
CIF01000110,Customer_111,Addis Ababa,18,M,398144.84,0.9326974009094903,Cross-Sell Ready
CIF01008138,Customer_8139,Sidama,36,M,328544.94,0.9326819231804039,Champions
CIF01009549,Customer_9550,Addis Ababa,34,M,124453.03,0.9326222456927032,Cross-Sell Ready
CIF01006001,Customer_6002,Amhara,46,M,132234.8,0.9326084951133834,High-CLV Active
CIF01003151,Customer_3152,Harari,39,F,320664.78,0.9324167697232699,Mid-Value Growth
CIF01002178,Customer_2179,Oromia,46,F,245052.84,0.9323503681980135,Champions
CIF01004879,Customer_4880,Addis Ababa,19,M,1032697.06,0.9318914546686365,High-CLV Active
CIF01003618,Customer_3619,Dire Dawa,32,M,253960.69,0.9317159759130779,High-CLV Active
CIF01004606,Customer_4607,Sidama,40,M,140206.28,0.9316739889297954,Champions
CIF01003837,Customer_3838,Addis Ababa,45,F,151776.2,0.9316626824971903,Mid-Value Growth
CIF01004623,Customer_4624,SNNPR,33,F,226591.05,0.9316048915374042,Dormant Risk
CIF01008813,Customer_8814,Addis Ababa,24,F,161483.84,0.9315517312341928,Dormant Risk
CIF01007852,Customer_7853,Addis Ababa,44,M,149235.9,0.9315262147572047,High-CLV Active
CIF01007600,Customer_7601,Addis Ababa,60,F,142783.81,0.9314529766076557,Champions
CIF01008938,Customer_8939,Addis Ababa,33,F,296603.53,0.9312541941514563,Mid-Value Growth
CIF01003184,Customer_3185,Benishangul-Gumuz,38,M,1175688.6,0.9312181952053553,Cross-Sell Ready
CIF01008431,Customer_8432,Oromia,31,M,166713.78,0.9312038836959777,High-CLV Active
CIF01004353,Customer_4354,Amhara,44,F,189284.1,0.931150353647046,Dormant Risk
CIF01003795,Customer_3796,Amhara,18,F,171531.92,0.9308369589903409,Mid-Value Growth
CIF01008084,Customer_8085,Addis Ababa,46,M,139648.22,0.930707517260563,High-CLV Active
CIF01007263,Customer_7264,Addis Ababa,38,M,129283.445,0.9306748413211655,High-CLV Active
CIF01007195,Customer_7196,Oromia,18,M,407406.78,0.9306690059662672,High-CLV Active
CIF01009818,Customer_9819,Sidama,41,F,137099.03,0.9305809972001284,Dormant Risk
CIF01006375,Customer_6376,Oromia,45,M,174204.25,0.9305462826544391,High-CLV Active
CIF01007276,Customer_7277,Addis Ababa,40,F,221991.48,0.9304760890175049,Mid-Value Growth
CIF01003357,Customer_3358,Amhara,39,M,149001.27,0.9304714859979432,High-CLV Active
CIF01006205,Customer_6206,Amhara,42,M,220996.12,0.9303603272618576,High-CLV Active
CIF01001133,Customer_1134,Oromia,30,M,134940.44,0.9303375322538712,Cross-Sell Ready
CIF01004230,Customer_4231,Addis Ababa,26,M,174197.23,0.9302937708942661,High-CLV Active
CIF01007546,Customer_7547,Dire Dawa,18,F,154191.88,0.9302646089704708,Mid-Value Growth
CIF01004222,Customer_4223,Somali,40,M,238897.1,0.9302078771273095,Cross-Sell Ready
CIF01007678,Customer_7679,Benishangul-Gumuz,30,M,133198.4,0.9301305416408164,Champions
CIF01000157,Customer_158,Sidama,18,F,1067553.1,0.9297805993798295,Champions
CIF01005585,Customer_5586,Amhara,32,F,1186617.8,0.9296760014927465,Champions
CIF01002958,Customer_2959,Oromia,46,M,137375.06,0.9296728699592403,High-CLV Active
CIF01004038,Customer_4039,Amhara,26,M,146539.72,0.9296560031543799,Champions
CIF01000085,Customer_86,Addis Ababa,31,M,243223.56,0.9295988478484075,Cross-Sell Ready
CIF01007397,Customer_7398,Amhara,48,M,157297.25,0.9295471946729725,High-CLV Active
CIF01004311,Customer_4312,Amhara,42,F,998891.06,0.9294938822234013,Mid-Value Growth
CIF01005958,Customer_5959,Addis Ababa,51,M,175327.75,0.9293207869060179,High-CLV Active
CIF01000712,Customer_713,Addis Ababa,33,F,486142.28,0.9291185131075751,Mid-Value Growth
CIF01006884,Customer_6885,Addis Ababa,22,M,377990.7,0.9289142978094493,High-CLV Active
CIF01008218,Customer_8219,Addis Ababa,25,F,365950.5,0.9289101077451162,Mid-Value Growth
CIF01005637,Customer_5638,SNNPR,46,F,267896.62,0.9287600093312165,Dormant Risk
CIF01004523,Customer_4524,Benishangul-Gumuz,63,M,146586.08,0.9287252551995685,High-CLV Active
CIF01005765,Customer_5766,Amhara,38,M,138372.55,0.9285960284754444,High-CLV Active
CIF01006713,Customer_6714,Amhara,39,M,150271.14,0.9285406530549983,Cross-Sell Ready
CIF01002696,Customer_2697,Addis Ababa,30,M,142766.12,0.9284205321628569,High-CLV Active
CIF01009279,Customer_9280,SNNPR,25,M,191646.55,0.9284071910562933,High-CLV Active
CIF01003177,Customer_3178,Harari,48,F,185415.16,0.9283923851767031,Champions
CIF01005850,Customer_5851,Addis Ababa,53,M,163548.38,0.9283626525152897,High-CLV Active
CIF01002334,Customer_2335,Addis Ababa,43,M,165225.19,0.9283366004676551,High-CLV Active
CIF01007384,Customer_7385,Amhara,30,F,160050.88,0.9283250830213479,Dormant Risk
CIF01001526,Customer_1527,Addis Ababa,32,M,203627.84,0.9282447382841241,High-CLV Active
CIF01007235,Customer_7236,Amhara,36,F,418947.56,0.9281867402315283,Champions
CIF01000422,Customer_423,Dire Dawa,36,F,121322.695,0.9281773545823936,Champions
CIF01004915,Customer_4916,Oromia,34,M,151174.97,0.928149292030204,High-CLV Active
CIF01008625,Customer_8626,Addis Ababa,49,F,199933.52,0.9281346125937083,Mid-Value Growth
CIF01001281,Customer_1282,Gambela,42,M,173370.02,0.928132705338119,Champions
CIF01006485,Customer_6486,Addis Ababa,37,M,122999.39,0.9281037797219868,Cross-Sell Ready
CIF01009211,Customer_9212,Addis Ababa,33,F,285099.7,0.9280315605371614,Mid-Value Growth
CIF01006009,Customer_6010,Amhara,33,F,123196.164,0.9279637766249592,Dormant Risk
CIF01006720,Customer_6721,SNNPR,30,M,156638.72,0.9279457654981568,High-CLV Active
CIF01006735,Customer_6736,SNNPR,57,F,128079.38,0.9277671895559854,Mid-Value Growth
CIF01005330,Customer_5331,Amhara,18,M,115920.49,0.9277572784069793,Cross-Sell Ready
CIF01009821,Customer_9822,Harari,42,F,214104.06,0.9277325787998159,Mid-Value Growth
CIF01003958,Customer_3959,Addis Ababa,27,M,421591.66,0.9276248439590644,High-CLV Active
CIF01003761,Customer_3762,Addis Ababa,20,M,437264.16,0.9276017215428825,High-CLV Active
CIF01009144,Customer_9145,Gambela,32,F,137111.9,0.9275595767652749,Champions
CIF01002448,Customer_2449,Oromia,49,M,509996.4,0.9272823182717478,Champions
CIF01003898,Customer_3899,Oromia,19,M,307786.78,0.9271465086820075,Champions
CIF01000490,Customer_491,Addis Ababa,29,M,829937.9,0.927139008514243,Champions
CIF01002046,Customer_2047,Gambela,43,M,237007.97,0.9271116013356188,High-CLV Active
CIF01004279,Customer_4280,SNNPR,19,F,127808.96,0.9270174269680683,Mid-Value Growth
CIF01000839,Customer_840,Tigray,39,M,244215.7,0.9269354751342956,Champions
CIF01006215,Customer_6216,Dire Dawa,33,M,152718.34,0.9268154608277236,High-CLV Active
CIF01004683,Customer_4684,Oromia,51,M,195364.72,0.9262696775731588,Champions
CIF01006117,Customer_6118,Oromia,30,M,124143.19,0.9260469161886433,High-CLV Active
CIF01008404,Customer_8405,Addis Ababa,48,M,168521.38,0.9259598551281022,Cross-Sell Ready
CIF01008165,Customer_8166,Addis Ababa,45,F,134009.11,0.9258382504252513,Champions
CIF01004886,Customer_4887,SNNPR,30,F,148968.95,0.925469033701134,Champions
CIF01004485,Customer_4486,Amhara,29,M,155456.62,0.9253624030868656,Cross-Sell Ready
CIF01005776,Customer_5777,Tigray,23,F,203601.1,0.9253576822980946,Champions
CIF01004817,Customer_4818,Benishangul-Gumuz,43,M,190102.89,0.9251359381093601,High-CLV Active
CIF01003912,Customer_3913,Oromia,41,F,148868.17,0.925110983350401,Champions
CIF01003803,Customer_3804,SNNPR,34,M,151170.67,0.9250407044638538,Cross-Sell Ready
CIF01007000,Customer_7001,Addis Ababa,60,M,110904.18,0.9249982057134272,Cross-Sell Ready
CIF01002269,Customer_2270,Addis Ababa,32,M,138947.1,0.9247765204183316,High-CLV Active
CIF01001283,Customer_1284,Dire Dawa,20,M,145249.03,0.9247754046308898,Cross-Sell Ready
CIF01005702,Customer_5703,Dire Dawa,19,M,128907.94,0.9247739121445682,Cross-Sell Ready
CIF01008496,Customer_8497,Oromia,21,M,122595.53,0.9247509747544689,Cross-Sell Ready
CIF01000620,Customer_621,Addis Ababa,32,M,137195.42,0.9245447987747956,High-CLV Active
CIF01001537,Customer_1538,Sidama,41,F,264370.1,0.9244665157430927,Champions
CIF01008847,Customer_8848,Harari,25,M,143893.4,0.9244415285948149,Cross-Sell Ready
CIF01006108,Customer_6109,Sidama,50,M,166402.2,0.9244400802101038,Cross-Sell Ready
CIF01004478,Customer_4479,Addis Ababa,36,M,150313.4,0.9243456796898791,High-CLV Active
CIF01008958,Customer_8959,Tigray,18,F,208451.94,0.9242225879725142,Mid-Value Growth
CIF01003266,Customer_3267,SNNPR,39,F,214054.48,0.924014865078955,Mid-Value Growth
CIF01008299,Customer_8300,Oromia,18,F,130249.23,0.9238895468535979,Champions
CIF01005504,Customer_5505,Tigray,22,F,514049.66,0.9236938077868444,Dormant Risk
CIF01008724,Customer_8725,Amhara,35,F,125473.875,0.9235666879616123,Dormant Risk
CIF01003152,Customer_3153,Amhara,45,F,117420.96,0.9233697314045194,Dormant Risk
CIF01007356,Customer_7357,SNNPR,57,F,247637.27,0.9233270005551564,Dormant Risk
CIF01002255,Customer_2256,Oromia,43,M,119895.336,0.9232729600839296,Cross-Sell Ready
CIF01008723,Customer_8724,Tigray,22,F,144412.25,0.9232151181938063,Dormant Risk
CIF01006374,Customer_6375,Oromia,22,M,350661.66,0.9232084198318747,High-CLV Active
CIF01006051,Customer_6052,Amhara,25,M,430955.16,0.9231284006533866,High-CLV Active
CIF01003419,Customer_3420,Addis Ababa,18,M,147313.2,0.9231008233971083,High-CLV Active
CIF01007058,Customer_7059,SNNPR,42,M,263614.72,0.9230573735234062,Cross-Sell Ready
CIF01009539,Customer_9540,Addis Ababa,28,F,169555.31,0.9229290771200858,Mid-Value Growth
CIF01002103,Customer_2104,Amhara,52,M,153923.81,0.9227489631988612,High-CLV Active
CIF01005856,Customer_5857,Oromia,43,F,137559.05,0.922564154740865,Dormant Risk
CIF01003936,Customer_3937,Amhara,37,M,1070963.8,0.9225116316901195,Cross-Sell Ready
CIF01004330,Customer_4331,Tigray,31,F,150125.06,0.9224272997146631,Champions
CIF01007237,Customer_7238,Oromia,37,M,122461.76,0.9223334015449122,Champions
CIF01007872,Customer_7873,Dire Dawa,35,M,887071.75,0.9223034138685839,Cross-Sell Ready
CIF01001158,Customer_1159,Addis Ababa,23,M,113011.836,0.9222796616521268,High-CLV Active
CIF01007738,Customer_7739,Oromia,40,M,155416.84,0.922272845879295,High-CLV Active
CIF01002810,Customer_2811,Addis Ababa,35,M,134039.14,0.9222325687651518,High-CLV Active
CIF01001467,Customer_1468,Gambela,40,F,570533.9,0.9220583409921436,Champions
CIF01007888,Customer_7889,Sidama,42,F,157983.84,0.9217632893988277,Dormant Risk
CIF01003461,Customer_3462,Amhara,57,F,130115.19,0.9217155954353143,Dormant Risk
CIF01006362,Customer_6363,Dire Dawa,25,F,156438.98,0.9217148753761658,Dormant Risk
CIF01006093,Customer_6094,SNNPR,41,M,114562.055,0.9217122963291026,Champions
CIF01002158,Customer_2159,Addis Ababa,39,M,238171.28,0.9216693282666485,High-CLV Active
CIF01007385,Customer_7386,Addis Ababa,43,M,151928.11,0.9215491934321165,High-CLV Active
CIF01006033,Customer_6034,Amhara,22,F,159776.39,0.9214996327035654,Champions
CIF01003438,Customer_3439,SNNPR,49,F,197497.66,0.921409357563664,Champions
CIF01005379,Customer_5380,Oromia,44,M,188644.53,0.9213616012546405,Champions
CIF01002525,Customer_2526,Benishangul-Gumuz,42,M,1104353.9,0.9213493892298684,High-CLV Active
CIF01001459,Customer_1460,Harari,29,F,153675.78,0.9212215316518982,Mid-Value Growth
CIF01009600,Customer_9601,Oromia,18,F,166480.7,0.9209617869627431,Mid-Value Growth
CIF01002465,Customer_2466,Oromia,52,M,225714.22,0.9208361603182017,High-CLV Active
CIF01008341,Customer_8342,Dire Dawa,41,M,359175.75,0.9205510950022148,High-CLV Active
CIF01007171,Customer_7172,Afar,19,F,363756.6,0.9204479418749679,Mid-Value Growth
CIF01002086,Customer_2087,Tigray,52,F,149306.84,0.9203991105860173,Mid-Value Growth
CIF01004331,Customer_4332,Somali,18,M,160718.73,0.9203742043343042,Champions
CIF01009156,Customer_9157,Tigray,18,F,625910.25,0.9202242574690515,Champions
CIF01004165,Customer_4166,Benishangul-Gumuz,29,M,149100.44,0.9199114203009833,High-CLV Active
CIF01007267,Customer_7268,Addis Ababa,56,M,147999.27,0.9197898180270992,Cross-Sell Ready
CIF01005523,Customer_5524,Oromia,65,M,142361.0,0.9196501225218168,Cross-Sell Ready
CIF01005539,Customer_5540,Amhara,32,F,132470.56,0.9195193124191212,Mid-Value Growth
CIF01005727,Customer_5728,Amhara,48,F,151820.64,0.9195156080303936,Dormant Risk
CIF01004790,Customer_4791,Addis Ababa,18,M,253803.7,0.9194243034472152,High-CLV Active
CIF01007740,Customer_7741,Sidama,49,F,226387.84,0.9191535170280256,Mid-Value Growth
CIF01008267,Customer_8268,Oromia,28,M,138566.17,0.9188626170232022,High-CLV Active
CIF01003986,Customer_3987,Sidama,39,M,315493.78,0.9187789605884272,High-CLV Active
CIF01009181,Customer_9182,Sidama,53,F,138530.23,0.9187234607686783,Dormant Risk
CIF01007676,Customer_7677,Somali,22,M,423379.28,0.9187132839539337,High-CLV Active
CIF01007720,Customer_7721,Benishangul-Gumuz,48,M,534234.75,0.9185036332870539,High-CLV Active
CIF01000818,Customer_819,Addis Ababa,28,M,190256.64,0.9184563691044281,High-CLV Active
CIF01002272,Customer_2273,Harari,45,M,212773.98,0.9180413392889265,Cross-Sell Ready
CIF01001420,Customer_1421,Gambela,26,M,169424.92,0.9179100066748254,High-CLV Active
CIF01005963,Customer_5964,Amhara,46,F,245241.06,0.9178202228649329,Mid-Value Growth
CIF01009766,Customer_9767,Amhara,33,M,225463.78,0.9177461775210382,Cross-Sell Ready
CIF01001723,Customer_1724,Amhara,43,M,131346.34,0.9176896831325843,High-CLV Active
CIF01000404,Customer_405,Afar,35,F,361241.1,0.9174315618656046,Mid-Value Growth
CIF01007157,Customer_7158,Addis Ababa,42,F,127113.766,0.9173079807249814,Champions
CIF01000552,Customer_553,Addis Ababa,34,M,154565.89,0.9170687384406699,High-CLV Active
CIF01006045,Customer_6046,Oromia,22,F,162531.4,0.9168746781991426,Mid-Value Growth
CIF01005381,Customer_5382,Amhara,49,F,175009.39,0.9168526433853342,Champions
CIF01002754,Customer_2755,Addis Ababa,38,M,155317.17,0.9167914878235716,High-CLV Active
CIF01004708,Customer_4709,SNNPR,25,F,195782.75,0.9165609530329522,Mid-Value Growth
CIF01005961,Customer_5962,Tigray,29,M,118414.54,0.9165106021468392,Champions
CIF01009311,Customer_9312,Tigray,24,M,136003.02,0.916412116086708,High-CLV Active
CIF01007220,Customer_7221,Oromia,33,F,322910.34,0.9163318056781473,Champions
CIF01006178,Customer_6179,SNNPR,43,F,143071.03,0.9162132074943284,Mid-Value Growth
CIF01002730,Customer_2731,Addis Ababa,19,F,416922.53,0.9161580727408424,Mid-Value Growth
CIF01003281,Customer_3282,Addis Ababa,47,F,159704.12,0.9160619463936284,Dormant Risk
CIF01001759,Customer_1760,Somali,49,M,158317.88,0.9159955342467148,Cross-Sell Ready
CIF01000441,Customer_442,SNNPR,24,F,211096.92,0.9158910977970254,Mid-Value Growth
CIF01009496,Customer_9497,Dire Dawa,18,F,133407.08,0.9158712987295826,Mid-Value Growth
CIF01009952,Customer_9953,Oromia,38,M,117918.51,0.9158399729937086,Champions
CIF01006204,Customer_6205,Oromia,44,M,112943.67,0.9154271133836738,High-CLV Active
CIF01005262,Customer_5263,Amhara,45,M,123858.63,0.9154208642040328,Cross-Sell Ready
CIF01008372,Customer_8373,Addis Ababa,22,M,131870.47,0.9153718259713974,High-CLV Active
CIF01004357,Customer_4358,Oromia,47,F,127347.85,0.9153440765529933,Mid-Value Growth
CIF01000300,Customer_301,Oromia,18,F,267186.78,0.9150765968434382,Champions
CIF01000675,Customer_676,Addis Ababa,36,F,111519.24,0.9150562292035539,Champions
CIF01009598,Customer_9599,SNNPR,40,F,159995.81,0.9146609582918408,Dormant Risk
CIF01000645,Customer_646,Addis Ababa,29,M,130806.766,0.9145438121624168,High-CLV Active
CIF01001771,Customer_1772,Harari,61,F,187892.02,0.9145422402121676,Mid-Value Growth
CIF01004335,Customer_4336,Addis Ababa,32,F,522652.25,0.9142913108982839,Mid-Value Growth
CIF01004329,Customer_4330,Sidama,37,F,127901.55,0.9141608633506254,Mid-Value Growth
CIF01009305,Customer_9306,Tigray,23,M,115580.47,0.9141312543068801,Cross-Sell Ready
CIF01004032,Customer_4033,Addis Ababa,32,M,311044.9,0.9141234131524275,Champions
CIF01007028,Customer_7029,Oromia,38,M,253169.97,0.9140895750867082,Champions
CIF01003746,Customer_3747,Amhara,27,F,141903.97,0.9140242251813925,Mid-Value Growth
CIF01009836,Customer_9837,Addis Ababa,49,F,143877.84,0.9136252780277757,Champions
CIF01001737,Customer_1738,Gambela,43,F,114094.47,0.913020579543855,Dormant Risk
CIF01009106,Customer_9107,Oromia,38,F,132783.14,0.9129112026911217,Mid-Value Growth
CIF01003330,Customer_3331,Gambela,30,M,202323.64,0.9128183809916428,High-CLV Active
CIF01009899,Customer_9900,Addis Ababa,41,F,205980.62,0.9122904822528616,Dormant Risk
CIF01005971,Customer_5972,SNNPR,26,F,154424.77,0.9122593424440834,Mid-Value Growth
CIF01003686,Customer_3687,SNNPR,43,F,164865.66,0.9120622641134392,Dormant Risk
CIF01001683,Customer_1684,Tigray,36,F,416451.6,0.9118144353578947,Champions
CIF01005332,Customer_5333,Amhara,19,F,238036.36,0.9114991628551805,Dormant Risk
CIF01006039,Customer_6040,Addis Ababa,36,F,136911.8,0.9113244034882971,Mid-Value Growth
CIF01008694,Customer_8695,Addis Ababa,18,M,183174.5,0.9112093428993766,High-CLV Active
CIF01001797,Customer_1798,Amhara,33,M,163710.8,0.9111687969392902,High-CLV Active
CIF01005816,Customer_5817,Amhara,31,F,453512.22,0.9110984896263401,Champions
CIF01009308,Customer_9309,Gambela,31,M,322117.72,0.9110787482677186,High-CLV Active
CIF01006990,Customer_6991,Addis Ababa,38,F,151256.25,0.910647718583516,Mid-Value Growth
CIF01006063,Customer_6064,Amhara,28,M,145248.45,0.910239213907275,High-CLV Active
CIF01006766,Customer_6767,Addis Ababa,25,F,153288.11,0.9102367086737384,Dormant Risk
CIF01007992,Customer_7993,Addis Ababa,57,M,281550.78,0.9100769614086202,High-CLV Active
CIF01009622,Customer_9623,Amhara,23,F,185563.44,0.9097993801168951,Mid-Value Growth
CIF01008967,Customer_8968,Amhara,47,F,133592.4,0.9097700781566226,Mid-Value Growth
CIF01003933,Customer_3934,Oromia,26,F,168043.36,0.9096059757600384,Mid-Value Growth
CIF01008743,Customer_8744,Oromia,21,F,146285.78,0.9095302027053938,Mid-Value Growth
CIF01005108,Customer_5109,Dire Dawa,54,F,110215.945,0.9093406697091269,Mid-Value Growth
CIF01003471,Customer_3472,SNNPR,54,F,350023.8,0.9093201834554778,Dormant Risk
CIF01004451,Customer_4452,SNNPR,34,M,263854.66,0.9089888323408377,Cross-Sell Ready
CIF01008366,Customer_8367,Addis Ababa,26,M,362192.78,0.9086451600438409,Cross-Sell Ready
CIF01003468,Customer_3469,Amhara,54,F,208523.53,0.9085167297989343,Mid-Value Growth
CIF01005297,Customer_5298,Amhara,38,M,163362.23,0.9083296920954284,Cross-Sell Ready
CIF01002599,Customer_2600,Amhara,27,F,181760.72,0.9081783231433184,Mid-Value Growth
CIF01001529,Customer_1530,Addis Ababa,29,M,123042.59,0.9077546432995692,Cross-Sell Ready
CIF01000394,Customer_395,Somali,27,M,185474.52,0.9076289745096631,Cross-Sell Ready
CIF01004677,Customer_4678,Tigray,37,F,159308.75,0.9069298986427342,Mid-Value Growth
CIF01001340,Customer_1341,Oromia,33,F,426125.97,0.9066987922375421,Mid-Value Growth
CIF01008054,Customer_8055,Addis Ababa,37,M,162297.31,0.9065782800207842,High-CLV Active
CIF01000230,Customer_231,Oromia,42,F,275414.78,0.9064991247266526,Mid-Value Growth
CIF01009652,Customer_9653,Addis Ababa,64,M,978861.06,0.9064850119546107,High-CLV Active
CIF01007672,Customer_7673,Addis Ababa,18,M,120571.555,0.906455048957299,Cross-Sell Ready
CIF01000782,Customer_783,Addis Ababa,23,M,124586.33,0.9062401290656635,Cross-Sell Ready
CIF01007901,Customer_7902,Addis Ababa,43,F,297864.6,0.906193937883437,Mid-Value Growth
CIF01004270,Customer_4271,Dire Dawa,27,M,149591.17,0.9061137295818906,Cross-Sell Ready
CIF01004294,Customer_4295,Oromia,49,M,120052.17,0.9059730223401161,Cross-Sell Ready
CIF01008422,Customer_8423,SNNPR,47,F,112329.01,0.9055274976510667,Champions
CIF01008256,Customer_8257,Sidama,36,M,194315.64,0.9051827138437922,Champions
CIF01008945,Customer_8946,Amhara,44,F,241879.75,0.9049330372209878,Mid-Value Growth
CIF01002909,Customer_2910,Addis Ababa,41,M,205649.48,0.9047626632978841,High-CLV Active
CIF01000398,Customer_399,Oromia,69,F,127458.586,0.9044757026305723,Mid-Value Growth
CIF01000546,Customer_547,Somali,27,F,118050.586,0.9044541254631563,Dormant Risk
CIF01000904,Customer_905,Addis Ababa,40,M,135822.88,0.904363984620021,High-CLV Active
CIF01000319,Customer_320,Addis Ababa,34,M,174009.48,0.9041535125379827,High-CLV Active
CIF01008367,Customer_8368,Amhara,21,M,197745.86,0.9041492889419022,High-CLV Active
CIF01002697,Customer_2698,Oromia,53,F,343713.2,0.9040346811667667,Mid-Value Growth
CIF01005296,Customer_5297,SNNPR,27,F,148945.89,0.9039352842035132,Champions
CIF01000905,Customer_906,Tigray,33,F,275449.28,0.9038607340814075,Champions
CIF01001123,Customer_1124,Tigray,61,M,268519.47,0.9038540958778268,High-CLV Active
CIF01004354,Customer_4355,Afar,50,F,135117.48,0.9036059306066581,Mid-Value Growth
CIF01009446,Customer_9447,Amhara,22,F,143967.05,0.9034538376746883,Mid-Value Growth
CIF01004666,Customer_4667,Addis Ababa,26,F,178791.42,0.9032082793291982,Mid-Value Growth
CIF01004653,Customer_4654,Oromia,18,F,179508.36,0.9031848749743773,Dormant Risk
CIF01007289,Customer_7290,Dire Dawa,33,M,260898.28,0.9031764890970458,High-CLV Active
CIF01005423,Customer_5424,Oromia,37,M,119591.59,0.9031355978231307,Cross-Sell Ready
CIF01007969,Customer_7970,Addis Ababa,41,M,321540.94,0.9030337991971119,High-CLV Active
CIF01003662,Customer_3663,Amhara,33,F,201935.28,0.903017135092321,Mid-Value Growth
CIF01009080,Customer_9081,Addis Ababa,38,M,129805.17,0.9029676487167639,High-CLV Active
CIF01009067,Customer_9068,Harari,45,F,585043.56,0.9021725960451079,Mid-Value Growth
CIF01006344,Customer_6345,Oromia,18,F,341964.72,0.9020077280248734,Champions
CIF01009206,Customer_9207,SNNPR,33,F,121002.695,0.9018972826138055,Champions
CIF01003003,Customer_3004,Harari,18,M,210509.2,0.9014899199453776,High-CLV Active
CIF01005868,Customer_5869,Amhara,21,F,149603.9,0.9013168757719819,Dormant Risk
CIF01009013,Customer_9014,Tigray,27,F,905206.3,0.9011522193376446,Champions
CIF01009376,Customer_9377,Addis Ababa,32,M,262198.34,0.9010665935175801,Champions
CIF01007304,Customer_7305,Afar,42,F,138542.27,0.90103083161276,Mid-Value Growth
CIF01009604,Customer_9605,SNNPR,18,F,155131.48,0.9003189342971462,Champions
CIF01001921,Customer_1922,SNNPR,69,F,144053.0,0.8998012892831388,Dormant Risk
CIF01006579,Customer_6580,Addis Ababa,47,F,134937.25,0.8997909320368086,Mid-Value Growth
CIF01007871,Customer_7872,Addis Ababa,65,M,295093.7,0.8996289133355303,Cross-Sell Ready
CIF01009897,Customer_9898,Amhara,38,M,118683.305,0.8993989809818809,High-CLV Active
CIF01008077,Customer_8078,Amhara,27,F,147737.52,0.8993505022629167,Mid-Value Growth
CIF01002777,Customer_2778,Amhara,38,F,133213.03,0.8992916624555298,Champions
CIF01000811,Customer_812,Addis Ababa,37,M,175511.7,0.8992727031816276,High-CLV Active
CIF01001717,Customer_1718,Oromia,30,F,116476.68,0.8988161712393179,Mid-Value Growth
CIF01004467,Customer_4468,Addis Ababa,18,F,135296.34,0.8986145475977355,Mid-Value Growth
CIF01006747,Customer_6748,Somali,42,M,166207.9,0.8982581960483196,High-CLV Active
CIF01002127,Customer_2128,SNNPR,23,M,136210.31,0.8982229094066841,High-CLV Active
CIF01007817,Customer_7818,Addis Ababa,34,F,122106.04,0.8974956472272984,Mid-Value Growth
CIF01001639,Customer_1640,Oromia,18,M,143209.36,0.8971720224911964,Cross-Sell Ready
CIF01006252,Customer_6253,Sidama,31,M,271591.22,0.8970470371620606,High-CLV Active
CIF01008717,Customer_8718,Tigray,45,M,125407.555,0.8967845019536096,High-CLV Active
CIF01008247,Customer_8248,Harari,35,M,111494.38,0.8963894425703339,High-CLV Active
CIF01003316,Customer_3317,Addis Ababa,57,F,151431.58,0.8962289503956116,Mid-Value Growth
CIF01008015,Customer_8016,Tigray,33,M,306385.72,0.8959744367709649,High-CLV Active
CIF01005913,Customer_5914,Addis Ababa,59,F,291453.6,0.8958788756273354,Mid-Value Growth
CIF01004884,Customer_4885,Oromia,37,M,119990.18,0.8958572905749969,High-CLV Active
CIF01005115,Customer_5116,Oromia,61,M,110347.07,0.8957092232832177,Champions
CIF01006065,Customer_6066,Sidama,34,M,154323.4,0.895616473591814,High-CLV Active
CIF01005811,Customer_5812,Addis Ababa,29,F,116529.45,0.8952012843686288,Dormant Risk
CIF01008851,Customer_8852,Addis Ababa,19,M,133932.02,0.8949773721558946,High-CLV Active
CIF01000492,Customer_493,Somali,47,M,128021.15,0.8948850717387345,High-CLV Active
CIF01007638,Customer_7639,SNNPR,33,F,248781.48,0.8936588142204172,Mid-Value Growth
CIF01006455,Customer_6456,Tigray,18,M,147962.0,0.8936228206901616,Cross-Sell Ready
CIF01001586,Customer_1587,Somali,29,M,140749.14,0.8935625072050795,High-CLV Active
CIF01004526,Customer_4527,Oromia,37,M,187271.42,0.8932466664113871,Cross-Sell Ready
CIF01006562,Customer_6563,Harari,46,M,178638.6,0.8930921213982922,High-CLV Active
CIF01002871,Customer_2872,Benishangul-Gumuz,46,M,120863.914,0.8929678244478428,Champions
CIF01005456,Customer_5457,Amhara,21,F,131750.47,0.8928802837218567,Mid-Value Growth
CIF01006468,Customer_6469,Addis Ababa,23,F,735337.8,0.8928738295360567,Champions
CIF01006893,Customer_6894,Addis Ababa,18,F,162189.77,0.8928041831375346,Mid-Value Growth
CIF01004764,Customer_4765,SNNPR,31,M,113078.234,0.89259339567052,High-CLV Active
CIF01006059,Customer_6060,Gambela,21,M,114504.82,0.8925755095694609,Cross-Sell Ready
CIF01007435,Customer_7436,Oromia,48,M,153098.47,0.892103755504171,Champions
CIF01004611,Customer_4612,Amhara,18,F,146197.17,0.8920814807485807,Mid-Value Growth
CIF01008636,Customer_8637,Addis Ababa,58,M,142062.16,0.8912629483742159,High-CLV Active
CIF01001514,Customer_1515,Oromia,49,M,118235.336,0.8911635682245209,Cross-Sell Ready
CIF01006676,Customer_6677,Benishangul-Gumuz,44,M,116757.18,0.890912003245484,High-CLV Active
CIF01001579,Customer_1580,Amhara,34,F,115734.42,0.8908615380412684,Mid-Value Growth
CIF01001991,Customer_1992,Harari,38,M,130416.26,0.8907429121671429,High-CLV Active
CIF01002260,Customer_2261,Addis Ababa,44,F,145076.06,0.8904561025737022,Mid-Value Growth
CIF01008047,Customer_8048,Dire Dawa,38,F,227981.47,0.8903990760061022,Dormant Risk
CIF01005695,Customer_5696,Oromia,37,M,159031.69,0.8901407527738937,High-CLV Active
CIF01002470,Customer_2471,Oromia,36,M,275941.1,0.8901185220904504,High-CLV Active
CIF01004246,Customer_4247,Addis Ababa,56,M,156022.77,0.8900983525036981,High-CLV Active
CIF01000653,Customer_654,Amhara,33,M,133572.53,0.8900569959165839,High-CLV Active
CIF01008379,Customer_8380,Addis Ababa,67,F,113848.14,0.8887205219322291,Champions
CIF01008537,Customer_8538,Amhara,43,F,144611.42,0.8886958483260439,Mid-Value Growth
CIF01000604,Customer_605,Tigray,42,F,114778.836,0.8879466051152849,Champions
CIF01005308,Customer_5309,Sidama,38,F,124212.59,0.8877666832281945,Mid-Value Growth
CIF01004301,Customer_4302,Addis Ababa,48,M,171431.94,0.8876500748826381,High-CLV Active
CIF01006094,Customer_6095,Addis Ababa,20,M,194725.81,0.8875698823381467,High-CLV Active
CIF01008896,Customer_8897,Addis Ababa,37,M,154169.67,0.8871584070837262,High-CLV Active
CIF01001145,Customer_1146,SNNPR,22,F,174465.78,0.886734970666087,Mid-Value Growth
CIF01001949,Customer_1950,Addis Ababa,39,F,119441.29,0.8862864629698887,Mid-Value Growth
CIF01008123,Customer_8124,Gambela,43,F,113467.805,0.8860702211609257,Dormant Risk
CIF01002809,Customer_2810,Addis Ababa,35,M,136997.39,0.8860325804361275,High-CLV Active
CIF01001181,Customer_1182,Tigray,35,F,112885.41,0.8858277937605478,Mid-Value Growth
CIF01004556,Customer_4557,Oromia,30,M,624272.44,0.8856957855090173,High-CLV Active
CIF01008966,Customer_8967,Benishangul-Gumuz,39,M,207982.73,0.8855340923365884,High-CLV Active
CIF01004190,Customer_4191,Benishangul-Gumuz,31,M,317357.22,0.8848823332723494,High-CLV Active
CIF01009765,Customer_9766,Oromia,32,F,130743.38,0.8846370355839164,Champions
CIF01009574,Customer_9575,Amhara,22,M,119168.75,0.884633814213911,High-CLV Active
CIF01004284,Customer_4285,Oromia,42,M,115274.734,0.8845580649142376,High-CLV Active
CIF01001902,Customer_1903,Oromia,49,F,179533.4,0.884275636093117,Mid-Value Growth
CIF01001696,Customer_1697,Sidama,21,M,138709.03,0.8842424143709502,High-CLV Active
CIF01007246,Customer_7247,Amhara,18,F,312035.9,0.8832214517856539,Champions
CIF01003447,Customer_3448,Harari,53,F,111607.62,0.8831355870423637,Mid-Value Growth
CIF01000851,Customer_852,Oromia,28,F,138580.23,0.8825920982858366,Mid-Value Growth
CIF01004609,Customer_4610,Sidama,24,M,124003.32,0.8823974218080117,High-CLV Active
CIF01006358,Customer_6359,Addis Ababa,25,M,123181.45,0.8816435331102564,Cross-Sell Ready
CIF01008780,Customer_8781,SNNPR,38,M,153377.02,0.8809805505056441,High-CLV Active
CIF01005860,Customer_5861,Oromia,18,M,261143.14,0.8809778274225024,High-CLV Active
CIF01005599,Customer_5600,Amhara,22,F,111803.25,0.8805812091549503,Mid-Value Growth
CIF01006192,Customer_6193,Addis Ababa,44,F,118419.51,0.8801923191003453,Mid-Value Growth
CIF01006891,Customer_6892,Tigray,18,M,119873.27,0.8799451899285087,Cross-Sell Ready
CIF01000650,Customer_651,Oromia,49,F,125225.91,0.8796237376100923,Mid-Value Growth
CIF01004386,Customer_4387,SNNPR,39,F,137258.03,0.8796135222613253,Champions
CIF01003757,Customer_3758,Sidama,47,M,167885.2,0.8793765517492265,High-CLV Active
CIF01005366,Customer_5367,Oromia,47,F,188041.66,0.8793579979164459,Mid-Value Growth
CIF01008542,Customer_8543,Tigray,28,M,131090.22,0.8793303955127639,High-CLV Active
CIF01009258,Customer_9259,Addis Ababa,22,M,146342.33,0.8791542782031604,High-CLV Active
CIF01002017,Customer_2018,Addis Ababa,34,M,148263.66,0.8791367875227635,High-CLV Active
CIF01004395,Customer_4396,Tigray,20,F,146165.47,0.879088978352431,Dormant Risk
CIF01005230,Customer_5231,Tigray,31,F,127509.68,0.8787219968700187,Champions
CIF01007405,Customer_7406,Tigray,55,F,158254.23,0.8786358734444932,Mid-Value Growth
CIF01008815,Customer_8816,Benishangul-Gumuz,50,F,127941.695,0.8784546053040174,Dormant Risk
CIF01001561,Customer_1562,Oromia,42,M,125441.56,0.8782580158922161,High-CLV Active
CIF01006139,Customer_6140,Oromia,41,M,115633.04,0.877866704431302,High-CLV Active
CIF01002837,Customer_2838,Oromia,18,F,125068.125,0.8776269432073053,Mid-Value Growth
CIF01004702,Customer_4703,Oromia,18,F,131767.28,0.8770816144927416,Mid-Value Growth
CIF01003422,Customer_3423,Harari,42,F,163852.86,0.8769153507319549,Mid-Value Growth
CIF01003138,Customer_3139,Oromia,37,F,164500.44,0.8767803261834977,Champions
CIF01000654,Customer_655,Harari,37,M,112590.39,0.8764149948975455,Cross-Sell Ready
CIF01006095,Customer_6096,Addis Ababa,44,F,123601.17,0.8763405527262979,Mid-Value Growth
CIF01008297,Customer_8298,Tigray,18,M,150070.3,0.8762634822143157,High-CLV Active
CIF01002935,Customer_2936,Addis Ababa,39,M,130839.95,0.8759610426878626,High-CLV Active
CIF01000403,Customer_404,Oromia,18,M,141497.36,0.8759598780890688,High-CLV Active
CIF01008919,Customer_8920,Oromia,23,F,111030.91,0.8757001509693737,Dormant Risk
CIF01008421,Customer_8422,Harari,26,F,134544.58,0.8756012220851772,Mid-Value Growth
CIF01009639,Customer_9640,Amhara,26,F,130516.68,0.8752679495064704,Dormant Risk
CIF01003323,Customer_3324,Addis Ababa,44,F,152430.11,0.8748794104280833,Mid-Value Growth
CIF01006847,Customer_6848,Amhara,45,M,110575.98,0.8742497461697184,Champions
CIF01004959,Customer_4960,SNNPR,40,M,200174.14,0.8738720135050808,High-CLV Active
CIF01002665,Customer_2666,Oromia,46,M,401916.5,0.872843201226564,High-CLV Active
CIF01000976,Customer_977,Harari,33,F,119378.64,0.8727139934201585,Champions
CIF01007652,Customer_7653,Sidama,40,M,110167.47,0.8726894404810572,Champions
CIF01003061,Customer_3062,SNNPR,22,M,114380.89,0.8719330498249205,Cross-Sell Ready
CIF01003850,Customer_3851,Addis Ababa,38,M,118781.984,0.8718691190924299,High-CLV Active
CIF01000781,Customer_782,Amhara,58,F,125584.875,0.8709181067160595,Champions
CIF01003010,Customer_3011,Amhara,18,F,112765.66,0.8705825503618422,Dormant Risk
CIF01008837,Customer_8838,Benishangul-Gumuz,41,M,111902.79,0.8701693368824425,High-CLV Active
CIF01002685,Customer_2686,Amhara,35,F,115187.51,0.8699237135423046,Mid-Value Growth
CIF01005541,Customer_5542,Addis Ababa,34,M,118465.57,0.8689800948537673,Cross-Sell Ready
CIF01007465,Customer_7466,Addis Ababa,55,F,114505.41,0.8683246904290947,Mid-Value Growth
CIF01007199,Customer_7200,Tigray,46,F,124556.85,0.8682735526983061,Dormant Risk
CIF01005564,Customer_5565,Sidama,45,F,115647.75,0.8681484082594583,Champions
CIF01002079,Customer_2080,Addis Ababa,52,F,112245.76,0.8669796056025537,Mid-Value Growth
CIF01001308,Customer_1309,SNNPR,32,M,125999.98,0.8665735538973991,High-CLV Active
CIF01003534,Customer_3535,Oromia,26,F,125392.586,0.866465910658688,Mid-Value Growth
CIF01004058,Customer_4059,Benishangul-Gumuz,20,M,161563.36,0.8652713149175395,High-CLV Active
CIF01008427,Customer_8428,Oromia,51,M,135312.52,0.8647519748511718,High-CLV Active
CIF01003236,Customer_3237,Amhara,18,F,128109.07,0.8644499352723701,Dormant Risk
CIF01008112,Customer_8113,Addis Ababa,18,M,126118.36,0.8634671252684711,High-CLV Active
CIF01005150,Customer_5151,SNNPR,35,M,115831.125,0.8627621897135469,Cross-Sell Ready
CIF01003300,Customer_3301,Amhara,59,F,132046.86,0.8625784204261078,Mid-Value Growth
CIF01001478,Customer_1479,Addis Ababa,29,M,126558.836,0.86243934809946,High-CLV Active
CIF01001101,Customer_1102,Oromia,28,M,119976.14,0.8623756850116696,Cross-Sell Ready
CIF01001878,Customer_1879,Amhara,28,F,113292.37,0.8623478365152378,Champions
CIF01009627,Customer_9628,Addis Ababa,45,F,129422.0,0.8621172649407192,Mid-Value Growth
CIF01004953,Customer_4954,Addis Ababa,18,M,120229.14,0.8620331906646382,Cross-Sell Ready
CIF01003026,Customer_3027,Amhara,42,M,229366.66,0.861591956544651,Cross-Sell Ready
CIF01009704,Customer_9705,Oromia,45,M,137820.06,0.8611286194483275,High-CLV Active
CIF01009321,Customer_9322,Somali,60,F,459167.38,0.8610819163234934,Mid-Value Growth
CIF01000508,Customer_509,Sidama,27,F,137237.39,0.8596347002303819,Champions
CIF01003601,Customer_3602,Amhara,40,M,115452.54,0.8591382466240034,High-CLV Active
CIF01005503,Customer_5504,SNNPR,31,F,892147.44,0.8591257723130984,Mid-Value Growth
CIF01000202,Customer_203,Tigray,35,M,139210.39,0.8591178524298556,High-CLV Active
CIF01009872,Customer_9873,Tigray,33,F,119460.98,0.8589403012846166,Mid-Value Growth
CIF01007999,Customer_8000,Tigray,28,F,133956.16,0.8588946817006838,Mid-Value Growth
CIF01004885,Customer_4886,Addis Ababa,18,F,125977.29,0.8584464861993291,Mid-Value Growth
CIF01003492,Customer_3493,Tigray,25,M,170516.56,0.8579922684136526,Champions
CIF01008550,Customer_8551,SNNPR,27,M,112819.66,0.8571186065014905,High-CLV Active
CIF01000775,Customer_776,Oromia,35,M,131168.5,0.8570701734056279,High-CLV Active
CIF01004549,Customer_4550,Amhara,42,M,123104.234,0.8568071261134323,Cross-Sell Ready
CIF01003455,Customer_3456,Addis Ababa,43,M,150528.2,0.856358868786435,High-CLV Active
CIF01009649,Customer_9650,Addis Ababa,61,F,193678.44,0.8562218846929373,Mid-Value Growth
CIF01008017,Customer_8018,Addis Ababa,47,M,119817.7,0.8555171204987668,High-CLV Active
CIF01002267,Customer_2268,Benishangul-Gumuz,18,F,138942.2,0.8553687217461765,Mid-Value Growth
CIF01001046,Customer_1047,Amhara,23,M,317387.4,0.8541319900993062,High-CLV Active
CIF01003738,Customer_3739,Oromia,22,F,197633.88,0.8531999417105969,Mid-Value Growth
CIF01002580,Customer_2581,Amhara,31,M,702730.75,0.852715145293816,High-CLV Active
CIF01009351,Customer_9352,Addis Ababa,18,F,112841.96,0.8526387091832407,Mid-Value Growth
CIF01005207,Customer_5208,Oromia,18,M,143652.75,0.8523388542265979,Champions
CIF01005665,Customer_5666,Oromia,25,F,109823.41,0.8515202741637524,Dormant Risk
CIF01007101,Customer_7102,Amhara,58,M,119988.38,0.851351168975282,Cross-Sell Ready
CIF01000397,Customer_398,Tigray,43,M,168372.08,0.8513000917383363,Cross-Sell Ready
CIF01007353,Customer_7354,SNNPR,45,F,113801.61,0.8512401719453011,Mid-Value Growth
CIF01006740,Customer_6741,Addis Ababa,30,F,118989.08,0.8508264220436511,Mid-Value Growth
CIF01000338,Customer_339,Addis Ababa,25,F,130179.305,0.8501007636377278,Dormant Risk
CIF01000327,Customer_328,Addis Ababa,18,F,136286.4,0.8495707030271311,Champions
CIF01008827,Customer_8828,Addis Ababa,55,F,111164.805,0.8484162104734991,Dormant Risk
CIF01001439,Customer_1440,Somali,18,F,209792.4,0.8477339865120856,Mid-Value Growth
CIF01005114,Customer_5115,Amhara,50,M,118150.695,0.847049169935784,Cross-Sell Ready
CIF01005724,Customer_5725,Addis Ababa,41,F,110197.41,0.846835342773295,Mid-Value Growth
CIF01000803,Customer_804,Oromia,18,F,126811.19,0.8463532490925875,Mid-Value Growth
CIF01006943,Customer_6944,Addis Ababa,26,M,109907.414,0.8463319719971881,High-CLV Active
CIF01006967,Customer_6968,Oromia,22,M,133565.75,0.8460301212692,High-CLV Active
CIF01005043,Customer_5044,Benishangul-Gumuz,36,F,133948.38,0.8459090318343133,Mid-Value Growth
CIF01006605,Customer_6606,Dire Dawa,26,M,166394.84,0.8452625858248483,High-CLV Active
CIF01003917,Customer_3918,Amhara,61,M,126461.33,0.8446683718961219,Cross-Sell Ready
CIF01001441,Customer_1442,Sidama,33,F,102824.06,0.8444297426886636,Champions
CIF01006905,Customer_6906,Sidama,36,F,119829.28,0.8435719587560001,Mid-Value Growth
CIF01008107,Customer_8108,Gambela,46,M,125794.93,0.8428374847745084,High-CLV Active
CIF01004997,Customer_4998,Amhara,68,M,208724.95,0.8421442887849145,High-CLV Active
CIF01003237,Customer_3238,Oromia,32,F,121687.01,0.8421141727340365,Mid-Value Growth
CIF01009378,Customer_9379,Harari,23,F,118096.14,0.8413618657530322,Champions
CIF01003765,Customer_3766,Oromia,31,M,122181.11,0.8407998002640115,High-CLV Active
CIF01005515,Customer_5516,Oromia,37,M,105009.266,0.840118805218068,High-CLV Active
CIF01002778,Customer_2779,Tigray,18,M,121287.06,0.8400574949301431,High-CLV Active
CIF01004079,Customer_4080,Harari,44,M,215171.53,0.8389669043598301,High-CLV Active
CIF01009548,Customer_9549,SNNPR,18,M,115462.44,0.8388248858258948,High-CLV Active
CIF01007913,Customer_7914,Somali,39,F,144665.61,0.8388009325381259,Mid-Value Growth
CIF01000751,Customer_752,SNNPR,47,M,114296.266,0.8379989950375891,High-CLV Active
CIF01009431,Customer_9432,Gambela,44,F,122905.42,0.8379844708465776,Champions
CIF01007598,Customer_7599,Oromia,54,F,136251.98,0.8378739265681056,Mid-Value Growth
CIF01001303,Customer_1304,Dire Dawa,49,M,578919.8,0.8373030705981481,High-CLV Active
CIF01007554,Customer_7555,Sidama,23,F,139880.45,0.8360239120930181,Mid-Value Growth
CIF01009342,Customer_9343,Addis Ababa,32,M,112519.99,0.8346723086112959,Cross-Sell Ready
CIF01001881,Customer_1882,Amhara,61,F,111864.82,0.8345153819395849,Mid-Value Growth
CIF01008356,Customer_8357,Tigray,42,M,114383.21,0.8340379222113405,Champions
CIF01005224,Customer_5225,Addis Ababa,64,F,111735.47,0.8330887379850436,Mid-Value Growth
CIF01002246,Customer_2247,Amhara,32,F,107612.89,0.8324693157577805,Champions
CIF01003537,Customer_3538,Oromia,43,F,158270.98,0.8319568020315831,Mid-Value Growth
CIF01002727,Customer_2728,Sidama,18,M,118778.586,0.8319478821684211,High-CLV Active
CIF01001103,Customer_1104,Tigray,42,F,113525.88,0.831477574216569,Mid-Value Growth
CIF01001120,Customer_1121,Gambela,41,M,105769.04,0.8314588140439977,Cross-Sell Ready
CIF01005997,Customer_5998,Afar,41,F,114975.62,0.8313962874063906,Mid-Value Growth
CIF01007765,Customer_7766,Addis Ababa,29,M,122095.94,0.831008547500922,High-CLV Active
CIF01007694,Customer_7695,Amhara,28,M,129067.19,0.8308301256384858,High-CLV Active
CIF01001994,Customer_1995,Oromia,28,F,155479.3,0.8306941068552711,Mid-Value Growth
CIF01007457,Customer_7458,SNNPR,20,M,126682.91,0.8305147559434175,Champions
CIF01002887,Customer_2888,Amhara,24,M,115242.28,0.8284474522179902,High-CLV Active
CIF01003938,Customer_3939,SNNPR,48,M,112908.63,0.828442913239963,High-CLV Active
CIF01009132,Customer_9133,Amhara,40,F,111674.92,0.8281624071870338,Mid-Value Growth
CIF01007966,Customer_7967,Addis Ababa,28,F,109234.85,0.82601446307106,Mid-Value Growth
CIF01006886,Customer_6887,SNNPR,33,F,120047.62,0.8259514787048313,Mid-Value Growth
CIF01006281,Customer_6282,Amhara,18,F,118486.125,0.8241945878415097,Dormant Risk
CIF01001544,Customer_1545,Benishangul-Gumuz,52,M,116231.61,0.8238928607710082,Cross-Sell Ready
CIF01001307,Customer_1308,Tigray,18,F,112116.66,0.8229064809532278,Dormant Risk
CIF01009246,Customer_9247,SNNPR,41,F,116994.83,0.8227501967903963,Champions
CIF01008721,Customer_8722,Amhara,58,M,166422.86,0.8216043309536518,High-CLV Active
CIF01002899,Customer_2900,Addis Ababa,35,M,136784.23,0.8204278142411158,Champions
CIF01002096,Customer_2097,Addis Ababa,42,M,118546.47,0.820179922248715,Champions
CIF01009886,Customer_9887,SNNPR,34,F,108724.23,0.819201781031236,Dormant Risk
CIF01000878,Customer_879,Dire Dawa,24,F,127562.76,0.8188618769786796,Mid-Value Growth
CIF01004613,Customer_4614,Oromia,36,M,1118591.0,0.8176628039392476,High-CLV Active
CIF01003170,Customer_3171,SNNPR,48,F,104909.08,0.8163668261543954,Dormant Risk
CIF01007061,Customer_7062,SNNPR,27,F,120672.78,0.8156236159838085,Mid-Value Growth
CIF01004599,Customer_4600,Somali,18,F,98638.625,0.8148184398474403,Dormant Risk
CIF01001106,Customer_1107,Addis Ababa,49,F,110690.336,0.8143876686460294,Mid-Value Growth
CIF01002502,Customer_2503,SNNPR,47,M,116956.516,0.814167673967892,Champions
CIF01002638,Customer_2639,Dire Dawa,32,F,105031.734,0.8135786790844483,Dormant Risk
CIF01009472,Customer_9473,Addis Ababa,30,M,122598.695,0.8130128490592442,High-CLV Active
CIF01006326,Customer_6327,Addis Ababa,18,F,110329.87,0.812862845623321,Mid-Value Growth
CIF01003321,Customer_3322,Dire Dawa,35,F,124916.16,0.8122600663560091,Mid-Value Growth
CIF01001890,Customer_1891,Dire Dawa,31,F,130230.45,0.8117247635333816,Dormant Risk
CIF01001291,Customer_1292,SNNPR,65,F,139505.28,0.8115412590962225,Champions
CIF01007832,Customer_7833,Sidama,40,M,119136.53,0.8115221558381249,High-CLV Active
CIF01008676,Customer_8677,Addis Ababa,23,M,116193.5,0.8111257697021023,High-CLV Active
CIF01005852,Customer_5853,Addis Ababa,32,F,112754.77,0.810819386538983,Mid-Value Growth
CIF01002453,Customer_2454,SNNPR,56,F,122693.58,0.8100415268873369,Champions
CIF01004627,Customer_4628,Addis Ababa,34,M,112556.53,0.8098928400358979,High-CLV Active
CIF01007239,Customer_7240,Addis Ababa,36,F,122182.586,0.8091460906898129,Mid-Value Growth
CIF01007366,Customer_7367,SNNPR,30,F,112950.17,0.8085304557626849,Champions
CIF01004893,Customer_4894,Addis Ababa,46,F,117986.5,0.8081151652013492,Mid-Value Growth
CIF01005185,Customer_5186,Addis Ababa,18,M,124860.984,0.807497879717181,High-CLV Active
CIF01003892,Customer_3893,SNNPR,40,F,125919.97,0.8071821857458982,Mid-Value Growth
CIF01007762,Customer_7763,Oromia,34,M,111135.9,0.805782295512879,High-CLV Active
CIF01001240,Customer_1241,Addis Ababa,18,F,169720.95,0.8057618050925361,Mid-Value Growth
CIF01000631,Customer_632,Dire Dawa,20,M,124682.92,0.8048830896795685,High-CLV Active
CIF01005728,Customer_5729,Oromia,46,F,119572.13,0.8021071429091343,Mid-Value Growth
CIF01005109,Customer_5110,Addis Ababa,43,M,115757.914,0.7996715071341581,High-CLV Active
CIF01001087,Customer_1088,Amhara,18,M,127000.53,0.7994203182471421,High-CLV Active
CIF01000174,Customer_175,Dire Dawa,46,M,116993.81,0.7965854777891653,High-CLV Active
CIF01006791,Customer_6792,SNNPR,18,F,127087.27,0.7963824076586362,Dormant Risk
CIF01008976,Customer_8977,SNNPR,29,M,107350.97,0.7953527714651021,Champions
CIF01000711,Customer_712,Oromia,41,F,120207.86,0.7915378635421599,Dormant Risk
CIF01001205,Customer_1206,Tigray,61,F,117130.14,0.7913299050443993,Mid-Value Growth
CIF01006969,Customer_6970,SNNPR,42,M,104371.445,0.7912100133735516,Cross-Sell Ready
CIF01001086,Customer_1087,Addis Ababa,20,M,103728.44,0.7900983292585235,Cross-Sell Ready
CIF01004304,Customer_4305,Addis Ababa,35,M,115824.27,0.787867430430449,High-CLV Active
CIF01008640,Customer_8641,Addis Ababa,39,M,117406.05,0.7869415489687865,High-CLV Active
CIF01001781,Customer_1782,Addis Ababa,35,M,121102.695,0.7862555459376457,High-CLV Active
CIF01001206,Customer_1207,Addis Ababa,19,M,115655.336,0.7854325987349623,Cross-Sell Ready
CIF01009126,Customer_9127,Addis Ababa,50,M,142318.78,0.7844925326196247,Champions
CIF01007881,Customer_7882,Addis Ababa,52,F,107779.01,0.7844202690683257,Dormant Risk
CIF01009959,Customer_9960,Benishangul-Gumuz,37,M,104435.66,0.784224851866335,High-CLV Active
CIF01009040,Customer_9041,Addis Ababa,45,F,108407.555,0.7813059366696212,Mid-Value Growth
CIF01004269,Customer_4270,Tigray,26,F,117534.32,0.7795208654256114,Mid-Value Growth
CIF01003807,Customer_3808,SNNPR,20,F,103110.37,0.778035241173208,Mid-Value Growth
CIF01004583,Customer_4584,SNNPR,37,F,116821.96,0.7775927898011683,Mid-Value Growth
CIF01000923,Customer_924,Oromia,33,M,124312.516,0.776401679080976,High-CLV Active
CIF01002226,Customer_2227,Addis Ababa,25,M,106100.83,0.7763656095884883,Champions
CIF01000186,Customer_187,Amhara,27,M,123600.15,0.7761633654371723,High-CLV Active
CIF01005240,Customer_5241,Amhara,41,M,121998.016,0.774779821600924,High-CLV Active
CIF01009949,Customer_9950,Amhara,36,M,103642.38,0.7731554187162735,Cross-Sell Ready
CIF01004776,Customer_4777,Tigray,35,M,112700.734,0.7724374010987012,High-CLV Active
CIF01005001,Customer_5002,Sidama,47,F,120769.0,0.7722739596111513,Mid-Value Growth
CIF01007501,Customer_7502,SNNPR,31,M,127419.336,0.7721023629863603,High-CLV Active
CIF01001711,Customer_1712,Addis Ababa,21,F,112926.65,0.7717235483389977,Champions
CIF01008326,Customer_8327,Addis Ababa,52,F,223483.64,0.7711603651741814,Mid-Value Growth
CIF01006625,Customer_6626,Oromia,40,M,104727.234,0.7706801590658681,Champions
CIF01009491,Customer_9492,Tigray,39,F,122677.44,0.7685526869643217,Champions
CIF01004619,Customer_4620,Addis Ababa,39,F,118772.08,0.7670348638909321,Mid-Value Growth
CIF01008288,Customer_8289,Addis Ababa,37,F,115713.96,0.7646804645431619,Champions
CIF01000842,Customer_843,Addis Ababa,52,M,173386.44,0.763541647216299,High-CLV Active
CIF01003150,Customer_3151,Addis Ababa,21,M,91498.11,0.7618678424722098,Cross-Sell Ready
CIF01005619,Customer_5620,Amhara,46,F,111118.8,0.761195574398305,Mid-Value Growth
CIF01008160,Customer_8161,Oromia,23,M,115542.11,0.7604077100300558,Cross-Sell Ready
CIF01007280,Customer_7281,Addis Ababa,23,M,109152.734,0.7587102688791745,Cross-Sell Ready
CIF01003484,Customer_3485,Sidama,41,F,104352.41,0.7558238404181365,Champions
CIF01009875,Customer_9876,SNNPR,39,F,120871.23,0.7534624930709599,Mid-Value Growth
CIF01006306,Customer_6307,Amhara,28,M,112783.88,0.7519953402561617,High-CLV Active
CIF01007415,Customer_7416,Sidama,31,F,109200.42,0.7500236150269697,Mid-Value Growth
CIF01006144,Customer_6145,Addis Ababa,34,M,111657.33,0.7470643602366994,High-CLV Active
CIF01002107,Customer_2108,Sidama,35,F,116530.95,0.7460519867958052,Champions
CIF01009907,Customer_9908,Oromia,56,M,108135.72,0.743527608359458,Cross-Sell Ready
CIF01002258,Customer_2259,Addis Ababa,33,F,95670.75,0.7426386832194819,Dormant Risk
CIF01000433,Customer_434,SNNPR,47,M,116093.76,0.7424555016210675,High-CLV Active
CIF01000813,Customer_814,Amhara,33,F,131806.22,0.7415505431606345,Mid-Value Growth
CIF01002312,Customer_2313,Tigray,53,M,135991.08,0.7403868245128676,High-CLV Active
CIF01001532,Customer_1533,Addis Ababa,45,F,110228.76,0.7372640218457917,Mid-Value Growth
CIF01007934,Customer_7935,Addis Ababa,35,F,128737.45,0.7372462416447421,Champions
CIF01003215,Customer_3216,Tigray,35,M,120687.89,0.7368847300819984,Cross-Sell Ready
CIF01001119,Customer_1120,Amhara,50,M,110229.75,0.7364475633408365,Cross-Sell Ready
CIF01004262,Customer_4263,Amhara,47,F,129704.95,0.7363208731434053,Mid-Value Growth
CIF01009726,Customer_9727,Amhara,47,F,92874.87,0.7361249190661914,Dormant Risk
CIF01007381,Customer_7382,Afar,55,M,135035.08,0.7360808511536155,High-CLV Active
CIF01003106,Customer_3107,Oromia,21,M,116050.48,0.7351260617780466,High-CLV Active
CIF01007895,Customer_7896,Amhara,40,F,99584.305,0.73494414389094,Dormant Risk
CIF01005729,Customer_5730,Oromia,32,F,101854.016,0.7342299080869062,Dormant Risk
CIF01008249,Customer_8250,Addis Ababa,25,M,107634.85,0.7332319793687095,Cross-Sell Ready
CIF01002931,Customer_2932,Addis Ababa,49,F,108672.59,0.7331093616888468,Mid-Value Growth
CIF01008108,Customer_8109,Addis Ababa,33,F,97735.76,0.7323538812023452,Dormant Risk
CIF01005221,Customer_5222,Addis Ababa,38,F,106918.88,0.7286838108178432,Mid-Value Growth
CIF01009479,Customer_9480,Addis Ababa,33,M,109798.945,0.7264909868064291,Cross-Sell Ready
CIF01001569,Customer_1570,Oromia,45,F,107711.516,0.7258896797297285,Champions
CIF01002030,Customer_2031,Addis Ababa,39,M,110439.516,0.7221876944807415,Cross-Sell Ready
CIF01009038,Customer_9039,Addis Ababa,34,F,117205.01,0.7220002150603511,Dormant Risk
CIF01002982,Customer_2983,Addis Ababa,23,F,108258.84,0.7216184049814276,Mid-Value Growth
CIF01009802,Customer_9803,SNNPR,41,M,109926.57,0.7183115220715974,High-CLV Active
CIF01001025,Customer_1026,Oromia,38,F,104518.305,0.715961077109613,Dormant Risk
CIF01001844,Customer_1845,Addis Ababa,35,F,119324.695,0.7157275437677746,Mid-Value Growth
CIF01000262,Customer_263,Addis Ababa,21,M,109238.29,0.7149318950197755,High-CLV Active
CIF01005037,Customer_5038,Benishangul-Gumuz,33,F,109863.72,0.7139710503062692,Mid-Value Growth
CIF01008732,Customer_8733,Afar,48,M,126561.516,0.7111372142822828,High-CLV Active
CIF01005167,Customer_5168,Addis Ababa,43,F,134402.39,0.7098670338107961,Mid-Value Growth
CIF01009508,Customer_9509,SNNPR,41,F,110896.19,0.7093750800524867,Champions
CIF01002229,Customer_2230,Addis Ababa,28,F,109170.09,0.708914558359623,Mid-Value Growth
CIF01002424,Customer_2425,Addis Ababa,18,F,103409.99,0.708411853107797,Champions
CIF01009799,Customer_9800,Addis Ababa,22,F,109836.48,0.7075972644801138,Mid-Value Growth
CIF01001068,Customer_1069,Addis Ababa,32,M,114812.12,0.7070378318640664,Cross-Sell Ready
CIF01007342,Customer_7343,Harari,30,M,113289.09,0.7068430119030176,Cross-Sell Ready
CIF01007360,Customer_7361,Gambela,32,M,118709.72,0.7067107200001577,High-CLV Active
CIF01002991,Customer_2992,Oromia,20,F,103203.875,0.7062992290196849,Champions
CIF01006986,Customer_6987,Oromia,26,M,105092.63,0.7050675673301346,High-CLV Active
CIF01008538,Customer_8539,Addis Ababa,38,M,107987.766,0.7043116215871913,Cross-Sell Ready
CIF01006142,Customer_6143,Oromia,35,F,234173.69,0.7039064278681003,Mid-Value Growth
CIF01000963,Customer_964,Sidama,45,M,108502.48,0.7035098726937384,Cross-Sell Ready
CIF01007977,Customer_7978,Amhara,41,M,134413.69,0.7017735315777629,Cross-Sell Ready
